ville,code_postal,type_bien,type_transaction,source,departement,surface,prix,nb_pieces,nb_chambres,prix_m2,prix_m2_predit
Hyères,83400,Maison,vente,orpi,83,165.0,1390000.0,9.0,1.0,8424.24,5085.22
Lamorlaye,60260,Maison,vente,pap,60,289.0,1295000.0,10.0,7.0,4480.97,2787.61
Garches,92380,Maison,vente,pap,92,150.0,1090000.0,3.0,4.0,7266.67,6232.15
Saint-maur-des-fossés,94100,Maison,vente,pap,94,151.0,990000.0,8.0,4.0,6556.29,4776.37
Courbevoie,92400,Maison,vente,pap,92,120.0,949000.0,3.0,3.0,7908.33,6296.37
Garches,92380,Maison,vente,pap,92,150.0,940000.0,3.0,4.0,6266.67,6232.15
Amiens,80000,Maison,vente,orpi,80,290.0,850000.0,2.0,1.0,2931.03,2518.02
Rueil-malmaison,92500,Maison,vente,pap,92,151.0,842900.0,3.0,5.0,5582.12,6232.15
Arzon,56640,Maison,vente,orpi,56,100.0,819500.0,5.0,1.0,8195.0,3164.58
Antony,92160,Maison,vente,pap,92,183.0,810000.0,3.0,4.0,4426.23,5537.6
Nîmes,30000,Maison,vente,pap,30,180.0,795000.0,6.0,4.0,4416.67,2787.61
Saint-maur-des-fossés,94100,Maison,vente,pap,94,142.0,780000.0,6.0,4.0,5492.96,4776.37
Plessis-trévise,94420,Maison,vente,pap,94,220.0,759000.0,6.0,5.0,3450.0,4081.82
Neuilly-plaisance,93360,Maison,vente,pap,93,128.0,756900.0,3.0,3.0,5913.28,3720.91
Saint-pierre,97400,Maison,vente,pap,97,153.0,755000.0,6.0,4.0,4934.64,3696.16
Maisons-alfort,94700,Maison,vente,pap,94,103.0,730900.0,3.0,4.0,7096.12,4840.59
Neuilly-plaisance,93360,Maison,vente,pap,93,170.0,720000.0,3.0,5.0,4235.29,3063.04
Bons,74890,Maison,vente,orpi,74,204.0,719000.0,8.0,1.0,3524.51,2723.51
Plessis-robinson,92350,Maison,vente,pap,92,90.0,703900.0,3.0,4.0,7821.11,6296.37
Pecq,78230,Maison,vente,pap,78,120.0,660000.0,5.0,4.0,5500.0,3682.32
Isle-sur-la-sorgue,84800,Maison,vente,pap,84,141.0,655000.0,5.0,3.0,4645.39,3482.15
Alénya,66200,Maison,vente,pap,66,140.0,620000.0,5.0,4.0,4428.57,3482.15
Haÿ-les-roses,94240,Maison,vente,pap,94,158.0,599999.0,3.0,5.0,3797.46,4776.37
Maisons-alfort,94700,Maison,vente,pap,94,100.0,590000.0,3.0,3.0,5900.0,4840.59
Bougival,78380,Maison,vente,pap,78,71.0,545000.0,4.0,2.0,7676.06,3843.29
Villejuif,94800,Maison,vente,pap,94,132.0,539126.0,3.0,5.0,4084.29,4776.37
Cestas,33610,Maison,vente,pap,33,144.0,530000.0,6.0,4.0,3680.56,3482.15
Roquevaire,13360,Maison,vente,pap,13,95.0,499000.0,5.0,3.0,5252.63,3814.26
Houilles,78800,Maison,vente, centre-ville,78,110.0,490000.0,5.0,3.0,4454.55,3682.32
Olonne,85100,Maison,vente,pap,85,125.0,480000.0,4.0,3.0,3840.0,3546.38
Châtenay-malabry,92290,Maison,vente,pap,92,101.0,476900.0,3.0,3.0,4721.78,6296.37
Arras,62000,Maison,vente,orpi,62,230.0,473250.0,8.0,1.0,2057.61,2518.02
Saint,31140,Maison,vente,orpi,31,190.0,473200.0,5.0,1.0,2490.53,2518.02
Barbentane,13570,Maison,vente,orpi,13,180.0,472500.0,6.0,1.0,2625.0,2785.9
Argenteuil,95100,Maison,vente,pap,95,140.0,469000.0,6.0,4.0,3350.0,3482.15
Champigny-sur-marne,94500,Maison,vente,pap,94,132.0,466800.0,3.0,5.0,3536.36,4776.37
Cargèse,20130,Maison,vente,pap,20,100.0,460000.0,5.0,3.0,4600.0,4124.23
Argenteuil,95100,Maison,vente,pap,95,110.0,456900.0,3.0,4.0,4153.64,3546.38
Haÿ-les-roses,94240,Maison,vente,pap,94,90.0,453900.0,3.0,4.0,5043.33,4840.59
Gaillon,27600,Maison,vente,orpi,27,160.0,450000.0,6.0,1.0,2812.5,3100.35
Épinay-sur-seine,93800,Maison,vente,pap,93,90.0,442900.0,3.0,4.0,4921.11,3720.91
Groix,56590,Maison,vente,pap,56,94.0,440000.0,5.0,3.0,4680.85,3546.38
Pérenchies,59840,Maison,vente,orpi,59,160.0,439900.0,5.0,1.0,2749.38,3100.35
Pizay,1120,Maison,vente,orpi,11,111.0,439000.0,4.0,1.0,3954.95,3164.58
Bruges,33520,Maison,vente,pap,33,118.0,435000.0,5.0,4.0,3686.44,3546.38
Épinay-sur-seine,93800,Maison,vente,pap,93,102.0,429000.0,3.0,4.0,4205.88,3720.91
Commensacq,40210,Maison,vente,orpi,40,218.0,425000.0,6.0,1.0,1949.54,2518.02
Saint,69440,Maison,vente,orpi,69,145.0,425000.0,6.0,1.0,2931.03,3415.84
Mans,72000,Maison,vente,pap,72,153.0,420000.0,6.0,5.0,2745.1,3482.15
Champigny-sur-marne,94500,Maison,vente,pap,94,103.0,414900.0,3.0,4.0,4028.16,4840.59
Savigny-sur-orge,91600,Maison,vente,pap,91,115.0,410000.0,5.0,4.0,3565.22,3546.38
Bezons,95870,Maison,vente,pap,95,97.0,405000.0,3.0,3.0,4175.26,3546.38
Drancy,93700,Maison,vente,pap,93,126.0,400900.0,3.0,4.0,3181.75,3720.91
Colleville-montgomery,14880,Maison,vente,pap,14,125.0,399000.0,6.0,4.0,3192.0,3546.38
Cannes,6150,Maison,vente,orpi,61,100.0,399000.0,3.0,1.0,3990.0,3164.58
Argenteuil,95100,Maison,vente,pap,95,106.0,397000.0,3.0,3.0,3745.28,3546.38
Neuilly-plaisance,93360,Maison,vente,pap,93,130.0,394000.0,3.0,4.0,3030.77,3720.91
Plonévez-porzay,29550,Maison,vente,pap,29,201.0,390000.0,9.0,6.0,1940.3,2787.61
Créteil,94000,Maison,vente,pap,94,103.0,388900.0,3.0,4.0,3775.73,4840.59
Fresnes,94260,Maison,vente,pap,94,104.0,388400.0,3.0,4.0,3734.62,4840.59
Pian-médoc,33290,Maison,vente,pap,33,112.0,380000.0,6.0,4.0,3392.86,3546.38
Saint-paul,97400,Maison,vente,pap,97,101.0,380000.0,4.0,3.0,3762.38,3760.39
Geishouse,68690,Maison,vente,orpi,68,113.0,379000.0,4.0,1.0,3353.98,3164.58
Argenteuil,95100,Maison,vente,pap,95,100.0,379000.0,6.0,3.0,3790.0,3546.38
Bezons,95870,Maison,vente,pap,95,110.0,376000.0,3.0,4.0,3418.18,3546.38
Champigny-sur-marne,94500,Maison,vente,pap,94,95.0,371900.0,3.0,4.0,3914.74,4840.59
Bezons,95870,Maison,vente,pap,95,97.0,370000.0,3.0,3.0,3814.43,3546.38
Échillais,17620,Maison,vente,orpi,17,135.0,369250.0,4.0,1.0,2735.19,3285.28
Mont-de-marsan,40000,Maison,vente,pap,40,170.0,367000.0,7.0,5.0,2158.82,2787.61
Antony,92160,Maison,vente,pap,92,90.0,365900.0,3.0,4.0,4065.56,6296.37
Champigny-sur-marne,94500,Maison,vente,pap,94,102.0,362819.0,3.0,4.0,3557.05,4840.59
Vitry-sur-seine,94400,Maison,vente,pap,94,96.0,360900.0,3.0,3.0,3759.38,4840.59
La Tour-du-crieu,9100,Maison,vente,entreparticuliers,91,230.0,360000.0,6.0,1.0,1565.22,2699.54
Neuilly-plaisance,93360,Maison,vente,pap,93,110.0,359690.0,3.0,4.0,3269.91,3720.91
Vitry-sur-seine,94400,Maison,vente,pap,94,95.0,349900.0,3.0,4.0,3683.16,4840.59
Gap,5000,Maison,vente,orpi,50,90.0,349000.0,4.0,1.0,3877.78,3164.58
Vitry-sur-seine,94400,Maison,vente,pap,94,78.0,347900.0,3.0,3.0,4460.26,4840.59
Bezons,95870,Maison,vente,pap,95,93.0,344000.0,3.0,3.0,3698.92,3546.38
Blagnac,31700,Maison,vente,orpi,31,111.0,340000.0,5.0,1.0,3063.06,3164.58
Courtry,77181,Maison,vente,orpi,77,115.0,335000.0,6.0,1.0,2913.04,3164.58
Vitry-sur-seine,94400,Maison,vente,pap,94,78.0,332900.0,3.0,3.0,4267.95,4840.59
Auterive,31190,Maison,vente,orpi,31,158.0,329000.0,4.0,1.0,2082.28,3100.35
Toulouse,31200,Maison,vente,orpi,31,89.0,326000.0,4.0,1.0,3662.92,3164.58
Saint,13310,Maison,vente,orpi,13,80.0,324000.0,4.0,1.0,4050.0,3432.46
Argenteuil,95100,Maison,vente,pap,95,93.0,318900.0,3.0,3.0,3429.03,3546.38
Saint-brevin-les-pins,44250,Maison,vente,entreparticuliers,44,77.0,310000.0,4.0,1.0,4025.97,3458.32
Rosny-sous-bois,93110,Maison,vente,pap,93,93.0,308900.0,3.0,3.0,3321.51,3720.91
Le Mée,77350,Maison,vente,orpi,77,99.0,304000.0,6.0,1.0,3070.71,3164.58
Lapalud,84840,Maison,vente,orpi,84,91.0,289000.0,4.0,1.0,3175.82,3164.58
Bezons,95870,Maison,vente,pap,95,90.0,288900.0,3.0,4.0,3210.0,3546.38
Mèze,34140,Maison,vente,pap,34,143.0,285000.0,6.0,6.0,1993.01,3482.15
Forcalquier,4300,Maison,vente,orpi,43,140.0,280000.0,5.0,1.0,2000.0,3100.35
Vieux,97119,Maison,vente,orpi,97,108.0,280000.0,4.0,1.0,2592.59,3164.58
Berriac,11000,Maison,vente,pap,11,125.0,279000.0,6.0,4.0,2232.0,3546.38
Toulouse,31000,Maison,vente,pap,31,79.6,279000.0,4.0,3.0,3504.58,3546.38
Néant-sur-yvel,56430,Maison,vente,pap,56,157.0,265000.0,5.0,3.0,1687.9,3482.15
Ceignes,1430,Maison,vente,pap,14,218.0,255000.0,8.0,6.0,1169.72,2787.61
Saulx,91160,Maison,vente,orpi,91,55.0,250000.0,2.0,1.0,4545.45,3688.18
Tourcoing,59200,Maison,vente,orpi,59,110.0,245000.0,4.0,1.0,2227.27,3164.58
Mulhouse,68200,Maison,vente,orpi,68,90.0,226900.0,5.0,1.0,2521.11,3164.58
Valensole,4210,Maison,vente,orpi,42,112.0,220000.0,4.0,1.0,1964.29,3164.58
Forcalquier,4300,Maison,vente,orpi,43,109.0,220000.0,5.0,1.0,2018.35,3164.58
Castelsarrasin,82100,Maison,vente,pap,82,93.0,220000.0,4.0,3.0,2365.59,3546.38
Envaux,17350,Maison,vente,pap,17,83.0,219900.0,4.0,3.0,2649.4,3731.31
Breuil-magné,17870,Maison,vente,entreparticuliers,17,80.0,219000.0,5.0,1.0,2737.5,3643.24
Redessan,30129,Maison,vente,orpi,30,105.0,210500.0,5.0,1.0,2004.76,3164.58
Vigneux-sur-seine,91270,Maison,vente,pap,91,63.5,195000.0,3.0,2.0,3069.42,3809.94
Albi,81000,Maison,vente,pap,81,80.0,185000.0,4.0,3.0,2312.5,3546.38
Ay,51160,Maison,vente,orpi,51,127.0,171900.0,5.0,1.0,1353.54,2867.27
Neuffontaines,58190,Maison,vente,pap,58,90.0,156000.0,3.0,2.0,1733.33,3458.32
Port,17730,Maison,vente,orpi,17,49.0,143500.0,3.0,1.0,2928.57,3873.11
Boulogne,62200,Maison,vente,orpi,62,75.0,140000.0,3.0,1.0,1866.67,3164.58
Rivesaltes,66600,Maison,vente,orpi,66,55.0,130000.0,3.0,1.0,2363.64,3688.18
Gujan-mestras,33470,Maison,vente,pap,33,40.0,84900.0,4.0,3.0,2122.5,3862.25
Paris,75016,Appartement,vente,pap,75,114.0,1390000.0,6.0,4.0,12192.98,10468.74
Paris,75014,Appartement,vente,pap,75,97.0,1350000.0,4.0,3.0,13917.53,10468.74
Levallois-perret,92300,Appartement,vente,pap,92,122.0,1290000.0,5.0,3.0,10573.77,6296.37
Paris,75007,Appartement,vente,pap,75,66.0,1290000.0,3.0,1.0,19545.45,10629.7
Èze,6360,Appartement,vente,entreparticuliers,63,135.0,1250000.0,5.0,1.0,9259.26,5533.42
Villefranche-sur-mer,6230,Appartement,vente,pap,62,60.0,1090000.0,3.0,2.0,18166.67,9239.71
Levallois-perret,92300,Appartement,vente,entreparticuliers,92,104.0,1070000.0,5.0,1.0,10288.46,6208.31
Paris,75010,Appartement,vente,pap,75,90.0,900000.0,4.0,2.0,10000.0,10380.67
Paris,75015,Appartement,vente,pap,75,53.0,899000.0,2.0,1.0,16962.26,10784.61
Paris,75016,Appartement,vente,pap,75,101.0,870000.0,4.0,3.0,8613.86,10468.74
Paris,75019,Appartement,vente,pap,75,72.0,850000.0,4.0,2.0,11805.56,10629.7
Paris,75009,Appartement,vente,pap,75,72.4,849000.0,4.0,3.0,11724.9,10468.74
Paris,75012,Appartement,vente,pap,75,58.0,849000.0,2.0,1.0,14637.93,10784.61
Paris,75011,Appartement,vente,pap,75,58.0,688000.0,2.0,1.0,11862.07,10784.61
Paris,75010,Appartement,vente,pap,75,57.0,680000.0,3.0,2.0,11929.82,10784.61
Paris,75016,Appartement,vente,pap,75,63.0,640000.0,3.0,2.0,10158.73,10732.29
Paris,75010,Appartement,vente,pap,75,65.0,610000.0,3.0,2.0,9384.62,10732.29
Paris,75012,Appartement,vente,pap,75,53.0,570000.0,2.0,1.0,10754.72,10784.61
Paris,75016,Appartement,vente,pap,75,57.0,565000.0,2.0,1.0,9912.28,10784.61
Plessis-robinson,92350,Appartement,vente,pap,92,109.0,550000.0,5.0,4.0,5045.87,6296.37
Paris,75010,Appartement,vente,pap,75,52.0,550000.0,2.0,1.0,10576.92,10784.61
Paris,75013,Appartement,vente,pap,75,43.0,549000.0,2.0,1.0,12767.44,10784.61
Antibes,6160,Appartement,vente,entreparticuliers,61,92.0,499000.0,4.0,1.0,5423.91,3458.32
Lyon,69007,Appartement,vente,pap,69,92.0,485000.0,4.0,3.0,5271.74,3861.86
Strasbourg,67000,Appartement,vente,pap,67,107.0,480000.0,4.0,3.0,4485.98,3546.38
Montrouge,92120,Appartement,vente,pap,92,61.0,475000.0,3.0,1.0,7786.89,6612.25
Paris,75001,Appartement,vente,entreparticuliers,75,49.0,473000.0,2.0,1.0,9653.06,11019.93
Marseille,13001,Appartement,vente,entreparticuliers,13,81.0,459000.0,4.0,1.0,5666.67,3726.2
Choisy-le-roi,94600,Appartement,vente,pap,94,100.5,454000.0,4.0,3.0,4517.41,4840.59
Aix-en-provence,13080,Appartement,vente,pap,13,91.2,438000.0,2.0,1.0,4802.63,3726.2
Nogent-sur-marne,94130,Appartement,vente,pap,94,68.8,425000.0,3.0,2.0,6177.33,5001.56
Les Sables-d'olonne,85100,Appartement,vente,entreparticuliers,85,91.0,419000.0,4.0,1.0,4604.4,3458.32
Paris,75011,Appartement,vente,pap,75,35.0,415000.0,2.0,1.0,11857.14,10784.61
Paris,75014,Appartement,vente,pap,75,47.3,387000.0,2.0,1.0,8181.82,10784.61
Viroflay,78220,Appartement,vente,orpi,78,72.0,383250.0,4.0,1.0,5322.92,3549.55
Paris,75018,Appartement,vente,pap,75,36.5,380000.0,2.0,1.0,10410.96,10784.61
Paris,75015,Appartement,vente,pap,75,50.0,369000.0,2.0,1.0,7380.0,10784.61
Paris,75012,Appartement,vente,pap,75,34.6,369000.0,2.0,1.0,10664.74,10784.61
Paris,75019,Appartement,vente,pap,75,45.0,360000.0,2.0,1.0,8000.0,10784.61
Baule-escoublac,44500,Appartement,vente,pap,44,57.0,355000.0,2.0,1.0,6228.07,3862.25
Saint-denis,93200,Appartement,vente,pap,93,112.0,349000.0,5.0,2.0,3116.07,3632.85
Paris,75013,Appartement,vente,pap,75,35.3,340000.0,1.0,1.0,9631.73,10784.61
Champigny,94500,Appartement,vente,orpi,94,66.0,333000.0,3.0,1.0,5045.45,4707.82
Celle-saint-cloud,78170,Appartement,vente,pap,78,89.0,330000.0,4.0,3.0,3707.87,3682.32
Paris,75018,Appartement,vente,pap,75,28.0,330000.0,2.0,1.0,11785.71,12281.53
Savigny,91600,Appartement,vente,orpi,91,90.0,328000.0,3.0,1.0,3644.44,3164.58
Compiègne,60200,Appartement,vente,orpi,60,117.0,325000.0,5.0,1.0,2777.78,3164.58
Fort,80120,Appartement,vente,orpi,80,65.0,325000.0,3.0,1.0,5000.0,3516.2
Schiltigheim,67300,Appartement,vente,orpi,67,83.0,321700.0,4.0,1.0,3875.9,3164.58
Marseille,13007,Appartement,vente,pap,13,70.0,320000.0,3.0,2.0,4571.43,3913.99
Paris,75018,Appartement,vente,pap,75,36.0,320000.0,2.0,1.0,8888.89,10784.61
Saint-pierre,97400,Appartement,vente,pap,97,80.0,319000.0,3.0,2.0,3987.5,3672.32
La Turbie,6320,Appartement,vente,entreparticuliers,63,32.0,309000.0,1.0,1.0,9656.25,7371.85
Vanves,92170,Appartement,vente,orpi,92,48.0,305000.0,2.0,1.0,6354.17,6438.18
Paris,75013,Appartement,vente,pap,75,42.8,300000.0,3.0,2.0,7010.98,10784.61
Aubervilliers,93300,Appartement,vente,pap,93,79.0,299000.0,4.0,3.0,3784.81,3720.91
Villiers,94350,Appartement,vente,orpi,94,66.0,299000.0,3.0,1.0,4530.3,4707.82
Lyon,69001,Appartement,vente,entreparticuliers,69,58.0,299000.0,3.0,1.0,5155.17,4286.32
Paris,75018,Appartement,vente,pap,75,36.0,289000.0,2.0,1.0,8027.78,10784.61
Paris,75020,Appartement,vente,pap,75,30.0,280000.0,2.0,1.0,9333.33,10784.61
Paris,75018,Appartement,vente,pap,75,28.0,275000.0,2.0,1.0,9821.43,12281.53
Guérande,44350,Appartement,vente,entreparticuliers,44,69.0,267750.0,3.0,1.0,3880.43,3707.34
Caluire-et-cuire,69300,Appartement,vente,pap,69,67.0,265000.0,3.0,2.0,3955.22,3702.5
Paris,75018,Appartement,vente,pap,75,34.0,259000.0,2.0,1.0,7617.65,10784.61
Paris,75018,Appartement,vente,pap,75,33.1,252000.0,2.0,1.0,7608.7,10784.61
Rouen,76000,Appartement,vente,pap,76,65.0,248000.0,3.0,2.0,3815.38,3809.94
Villeurbanne,69100,Appartement,vente,pap,69,74.0,243000.0,4.0,3.0,3283.78,3592.16
La Mulatière,69350,Appartement,vente,orpi,69,64.0,235000.0,3.0,1.0,3671.88,3511.35
Aubervilliers,93300,Appartement,vente,orpi,93,39.0,235000.0,2.0,1.0,6025.64,4459.33
Mareil-marly,78750,Appartement,vente,pap,78,49.0,230000.0,2.0,1.0,4693.88,3998.2
Paris,75010,Appartement,vente,pap,75,26.0,230000.0,2.0,1.0,8846.15,12281.53
Talange,57525,Appartement,vente,orpi,57,68.0,229000.0,3.0,1.0,3367.65,3413.61
Le Pradet,83220,Appartement,vente,orpi,83,56.0,229000.0,3.0,1.0,4089.29,3688.18
Cayenne,97300,Appartement,vente,orpi,97,85.0,224700.0,3.0,1.0,2643.53,3164.58
Reims,51100,Appartement,vente,orpi,51,125.0,223900.0,5.0,1.0,1791.2,2867.27
Auray,56400,Appartement,vente,entreparticuliers,56,62.0,222600.0,3.0,1.0,3590.32,3809.94
Royan,17200,Appartement,vente,pap,17,45.0,219500.0,2.0,1.0,4877.78,4047.18
Bron,69500,Appartement,vente,pap,69,51.0,215000.0,2.0,1.0,4215.69,3857.41
Bobigny,93000,Appartement,vente,pap,93,45.0,212000.0,2.0,1.0,4711.11,4036.78
Sainte-maxime,83120,Appartement,vente,entreparticuliers,83,45.0,208000.0,2.0,1.0,4622.22,4097.58
Lille,59000,Appartement,vente,orpi,59,47.0,199900.0,2.0,1.0,4253.19,4066.5
Brou-sur-chantereine,77177,Appartement,vente,entreparticuliers,77,73.0,199000.0,4.0,1.0,2726.03,3458.32
Beauchamp,95250,Appartement,vente,entreparticuliers,95,73.0,197000.0,3.0,1.0,2698.63,3458.32
Paris,75016,Appartement,vente,pap,75,13.0,195000.0,1.0,1.0,15000.0,12281.53
Strasbourg,67000,Appartement,vente,orpi,67,54.0,189900.0,3.0,1.0,3516.67,3688.18
Les Sables,85100,Appartement,vente,orpi,85,42.0,189000.0,2.0,1.0,4500.0,4066.5
Ulis,91940,Appartement,vente,pap,91,67.0,185000.0,3.0,2.0,2761.19,3707.34
Salon,13300,Appartement,vente,orpi,13,68.0,182000.0,3.0,1.0,2676.47,3620.25
Vitrolles,13127,Appartement,vente,entreparticuliers,13,90.0,181000.0,5.0,1.0,2011.11,3726.2
Larmor,56260,Appartement,vente,orpi,56,41.0,180500.0,2.0,1.0,4402.44,4066.5
Rodez,12000,Appartement,vente,orpi,12,64.0,179000.0,3.0,1.0,2796.88,3516.2
Rennes,35000,Appartement,vente,entreparticuliers,35,72.0,177320.0,3.0,1.0,2462.78,3707.34
Jouy-le-moutier,95280,Appartement,vente,pap,95,42.0,177000.0,2.0,1.0,4214.29,3862.25
Argelès-sur-mer,66700,Appartement,vente,entreparticuliers,66,99.0,175000.0,5.0,1.0,1767.68,3458.32
Lille,59800,Appartement,vente,orpi,59,30.0,171000.0,1.0,1.0,5700.0,4066.5
Bron,69500,Appartement,vente,orpi,69,56.0,169000.0,3.0,1.0,3017.86,3683.34
Cergy,95800,Appartement,vente,orpi,95,42.0,169000.0,2.0,1.0,4023.81,4066.5
Orléans,45000,Appartement,vente,pap,45,60.0,168000.0,3.0,2.0,2800.0,3628.78
Paris,75020,Appartement,vente,pap,75,17.0,168000.0,1.0,1.0,9882.35,12281.53
Vaujours,93410,Appartement,vente,orpi,93,38.0,159000.0,2.0,1.0,4184.21,4459.33
Paris,75013,Appartement,vente,pap,75,13.7,159000.0,1.0,1.0,11605.84,12281.53
Niort,79000,Appartement,vente,pap,79,61.0,154900.0,3.0,2.0,2539.34,3862.25
Nice,6000,Appartement,vente,pap,60,28.0,149000.0,1.0,1.0,5321.43,3862.25
Villeneuve-le-roi,94290,Appartement,vente,entreparticuliers,94,28.0,144500.0,1.0,1.0,5160.71,5391.79
Toulouse,31400,Appartement,vente,orpi,31,50.0,138450.0,2.0,1.0,2769.0,3688.18
Arles,13104,Appartement,vente,pap,13,47.0,135000.0,2.0,1.0,2872.34,4068.9
Saint,31650,Appartement,vente,orpi,31,43.0,129900.0,2.0,1.0,3020.93,4066.5
Étampes,91150,Appartement,vente,pap,91,48.0,127000.0,2.0,1.0,2645.83,3862.25
Saint,66750,Appartement,vente,orpi,66,35.0,125000.0,2.0,1.0,3571.43,4066.5
Metz,57050,Appartement,vente,orpi,57,53.0,119000.0,3.0,1.0,2245.28,3688.18
Saint-privat,7200,Appartement,vente,pap,72,74.0,115000.0,3.0,1.0,1554.05,3458.32
Saint,38400,Appartement,vente,orpi,38,67.0,115000.0,3.0,1.0,1716.42,2921.08
Paris,75116,Appartement,vente,pap,75,10.5,110000.0,1.0,1.0,10476.19,12281.53
Nouméa,98800,Appartement,vente,pap,98,21.0,95000.0,1.0,1.0,4523.81,3862.25
Saint,66750,Appartement,vente,orpi,66,26.0,94000.0,2.0,1.0,3615.38,4066.5
Les Abymes,97139,Appartement,vente,orpi,97,49.0,90000.0,2.0,1.0,1836.73,3688.18
Boulogne,62200,Appartement,vente,orpi,62,20.0,87900.0,2.0,1.0,4395.0,3563.06
Pontivy,56300,Appartement,vente,entreparticuliers,56,31.0,87500.0,2.0,1.0,2822.58,4097.58
Boulogne,62200,inconnu,vente,orpi,62,14.0,10900.0,3.0,1.0,778.57,3563.06
Garches,92380,Maison,vente,pap,92,262.0,1376000.0,3.0,3.0,5251.91,5537.6
Paris,75018,Maison,vente,pap,75,110.0,1290000.0,5.0,3.0,11727.27,10468.74
Saint-cloud,92210,Maison,vente,pap,92,150.0,1246000.0,3.0,3.0,8306.67,6232.15
Trets,13530,Maison,vente,pap,13,250.0,1178000.0,8.0,4.0,4712.0,3419.13
Salle-les-alpes,5240,Maison,vente,pap,52,240.0,1150000.0,12.0,9.0,4791.67,2787.61
Belvédère-campomoro,20110,Maison,vente,pap,20,138.0,1140000.0,7.0,5.0,8260.87,4124.23
Paris,75018,Maison,vente,pap,75,170.0,1099000.0,6.0,5.0,6464.71,9709.96
Saint-cloud,92210,Maison,vente,pap,92,120.0,1092000.0,3.0,3.0,9100.0,6296.37
Lille,59800,Maison,vente,orpi,59,265.0,990000.0,7.0,1.0,3735.85,2518.02
Saint-leu,97436,Maison,vente,pap,97,130.0,920000.0,5.0,3.0,7076.92,3760.39
Garches,92380,Maison,vente,pap,92,140.0,850000.0,3.0,4.0,6071.43,6232.15
Saint-cannat,13760,Maison,vente,pap,13,165.0,795000.0,7.0,5.0,4818.18,4486.5
Villemoisson-sur-orge,91360,Maison,vente,pap,91,270.0,780000.0,6.0,6.0,2888.89,2787.61
Perreux-sur-marne,94170,Maison,vente,pap,94,130.0,759000.0,5.0,4.0,5838.46,4840.59
Cachan,94230,Maison,vente,pap,94,131.0,740000.0,3.0,3.0,5648.85,4840.59
Saint-pierre,97400,Maison,vente,pap,97,204.0,730000.0,6.0,4.0,3578.43,3001.61
Voisins,78960,Maison,vente,orpi,78,188.0,699000.0,7.0,1.0,3718.09,2731.82
Saint-leu,97436,Maison,vente,pap,97,100.0,699000.0,4.0,3.0,6990.0,3760.39
Carpentras,84200,Maison,vente,pap,84,240.0,698000.0,8.0,6.0,2908.33,2787.61
Fontenay-sous-bois,94120,Maison,vente,pap,94,130.0,690000.0,3.0,3.0,5307.69,4840.59
Neuilly-plaisance,93360,Maison,vente,pap,93,90.0,652900.0,3.0,4.0,7254.44,3720.91
La Couarde,17670,Maison,vente,orpi,17,109.0,647850.0,4.0,1.0,5943.58,3349.5
Paris,75018,Maison,vente,pap,75,65.0,637000.0,3.0,2.0,9800.0,10732.29
Haÿ-les-roses,94240,Maison,vente,pap,94,132.0,587999.0,3.0,5.0,4454.54,4776.37
Haÿ-les-roses,94240,Maison,vente,pap,94,110.0,579999.0,3.0,4.0,5272.72,4840.59
Thurins,69510,Maison,vente,orpi,69,151.0,560000.0,5.0,1.0,3708.61,3415.84
Haÿ-les-roses,94240,Maison,vente,pap,94,102.0,556999.0,3.0,4.0,5460.77,4840.59
Fontenay-le-fleury,78330,Maison,vente,pap,78,170.0,555000.0,7.0,5.0,3264.71,3001.41
Champigny-sur-marne,94500,Maison,vente,pap,94,127.0,550000.0,3.0,3.0,4330.71,4840.59
Villemomble,93250,Maison,vente,pap,93,170.0,549000.0,6.0,4.0,3229.41,3063.04
Bron,69500,Maison,vente,orpi,69,120.0,540000.0,4.0,1.0,4500.0,3480.06
Audinghen,62179,Maison,vente,entreparticuliers,62,186.0,535000.0,8.0,1.0,2876.34,3699.43
Sautron,44880,Maison,vente,pap,44,157.0,520000.0,6.0,5.0,3312.1,3482.15
Saint,31790,Maison,vente,orpi,31,161.0,510000.0,5.0,1.0,3167.7,3100.35
Villeneuve-lès-avignon,30400,Maison,vente, dans une rue calme,30,136.0,499000.0,5.0,3.0,3669.12,3482.15
Limeil-brévannes,94450,Maison,vente,pap,94,180.0,496000.0,6.0,4.0,2755.56,4081.82
Saint,4300,Maison,vente,orpi,43,256.0,495000.0,8.0,1.0,1933.59,2518.02
Ozoir,77330,Maison,vente,orpi,77,160.0,490000.0,5.0,1.0,3062.5,3100.35
Champigny-sur-marne,94500,Maison,vente,pap,94,94.0,469900.0,3.0,3.0,4998.94,4840.59
Champigny-sur-marne,94500,Maison,vente,pap,94,81.0,461900.0,3.0,3.0,5702.47,4840.59
Wissant,62179,Maison,vente,orpi,62,98.0,451500.0,4.0,1.0,4607.14,3164.58
Malissard,26120,Maison,vente,pap,26,170.0,450000.0,6.0,5.0,2647.06,2787.61
Balgau,68740,Maison,vente,orpi,68,114.0,449000.0,5.0,1.0,3938.6,3164.58
Voisins,78960,Maison,vente,orpi,78,90.0,449000.0,5.0,1.0,4988.89,3300.52
Poulx,30320,Maison,vente,pap,30,143.0,445000.0,6.0,4.0,3111.89,3482.15
Saint,40390,Maison,vente,orpi,40,230.0,440000.0,5.0,1.0,1913.04,2518.02
Tampon,97430,Maison,vente,pap,97,167.0,440000.0,6.0,5.0,2634.73,3001.61
Montluel,1120,Maison,vente,orpi,11,111.0,439000.0,4.0,1.0,3954.95,3164.58
Stains,93240,Maison,vente,pap,93,127.0,425000.0,3.0,4.0,3346.46,3720.91
Aureilhan,40200,Maison,vente,orpi,40,134.0,420000.0,5.0,1.0,3134.33,3100.35
Argenteuil,95100,Maison,vente,pap,95,90.0,417900.0,3.0,4.0,4643.33,3546.38
Saint-christol,34400,Maison,vente,pap,34,118.7,417000.0,5.0,4.0,3511.87,3546.38
Essarts-le-roi,78690,Maison,vente,pap,78,112.0,414500.0,5.0,4.0,3700.89,3682.32
Créteil,94000,Maison,vente,pap,94,90.0,403900.0,3.0,4.0,4487.78,4840.59
Créteil,94000,Maison,vente,pap,94,132.0,401900.0,3.0,5.0,3044.7,4776.37
Haÿ-les-roses,94240,Maison,vente,pap,94,87.0,401816.0,3.0,4.0,4618.57,4840.59
Écouflant,49000,Maison,vente,pap,49,160.0,399000.0,6.0,5.0,2493.75,3482.15
Meursanges,21200,Maison,vente,pap,21,141.0,399000.0,5.0,4.0,2829.79,3482.15
Orsay,91400,Maison,vente,orpi,91,104.0,399000.0,5.0,1.0,3836.54,3164.58
Mitry-mory,77290,Maison,vente,pap,77,125.0,395000.0,5.0,4.0,3160.0,3546.38
Villejuif,94800,Maison,vente,pap,94,88.0,386175.0,3.0,4.0,4388.35,4840.59
Bezons,95870,Maison,vente,pap,95,126.0,385000.0,3.0,4.0,3055.56,3546.38
Antony,92160,Maison,vente,orpi,92,84.0,381200.0,4.0,1.0,4538.1,5914.57
Issac,24400,Maison,vente,pap,24,165.0,380000.0,6.0,4.0,2303.03,3482.15
Biaudos,40390,Maison,vente,orpi,40,120.0,379000.0,4.0,1.0,3158.33,3164.58
Coëtmieux,22400,Maison,vente,orpi,22,141.0,378000.0,5.0,1.0,2680.85,3100.35
Créteil,94000,Maison,vente,pap,94,104.0,374900.0,3.0,4.0,3604.81,4840.59
Bezons,95870,Maison,vente,pap,95,108.0,374000.0,3.0,4.0,3462.96,3546.38
Épinay-sur-seine,93800,Maison,vente,pap,93,125.0,370000.0,3.0,4.0,2960.0,3720.91
Bondy,93140,Maison,vente,pap,93,93.0,368900.0,3.0,3.0,3966.67,3720.91
Bezons,95870,Maison,vente,pap,95,132.0,368000.0,3.0,5.0,2787.88,3482.15
Saint-cyr-sous-dourdan,91410,Maison,vente,pap,91,120.0,360000.0,5.0,3.0,3000.0,3546.38
Cabourg,14390,Maison,vente,pap,14,90.0,360000.0,4.0,3.0,4000.0,3546.38
Bondy,93140,Maison,vente,pap,93,111.0,356200.0,3.0,4.0,3209.01,3720.91
Thiais,94320,Maison,vente,pap,94,90.0,353900.0,3.0,4.0,3932.22,4840.59
Drancy,93700,Maison,vente,pap,93,87.0,353900.0,3.0,3.0,4067.82,3720.91
Champigny-sur-marne,94500,Maison,vente,pap,94,69.0,348900.0,3.0,3.0,5056.52,5001.56
Drancy,93700,Maison,vente,pap,93,110.0,346900.0,3.0,3.0,3153.64,3720.91
Drancy,93700,Maison,vente,pap,93,106.0,341900.0,3.0,4.0,3225.47,3720.91
Bezons,95870,Maison,vente,pap,95,104.0,341000.0,3.0,4.0,3278.85,3546.38
Saran,45770,Maison,vente,pap,45,111.0,337000.0,5.0,4.0,3036.04,3546.38
Bondy,93140,Maison,vente,pap,93,110.0,335000.0,3.0,4.0,3045.45,3720.91
Ermont,95120,Maison,vente,""" au sein de la copropriété fermée du """"""""""""""""Clos d'Ermont""""""""""""""""""",95,103.0,334000.0,4.0,3.0,3242.72,3546.38
Bondy,93140,Maison,vente,pap,93,87.0,332089.0,3.0,3.0,3817.11,3720.91
Neuilly-plaisance,93360,Maison,vente,pap,93,103.0,330000.0,3.0,5.0,3203.88,3720.91
Bondy,93140,Maison,vente,pap,93,87.0,321900.0,3.0,3.0,3700.0,3720.91
Maule,78580,Maison,vente,pap,78,80.0,320000.0,4.0,2.0,4000.0,3594.26
Drancy,93700,Maison,vente,pap,93,91.0,317900.0,3.0,4.0,3493.41,3720.91
Amnéville,57360,Maison,vente,orpi,57,96.0,314000.0,5.0,1.0,3270.83,3164.58
Drancy,93700,Maison,vente,pap,93,78.0,307900.0,3.0,3.0,3947.44,3720.91
Pugnac,33710,Maison,vente,pap,33,156.0,305000.0,7.0,5.0,1955.13,3482.15
Goutevernisse,31310,Maison,vente,pap,31,117.0,298000.0,4.0,3.0,2547.01,3546.38
Floirac,33270,Maison,vente, je propose à la vente ma maison de 86m²,33,86.0,298000.0,4.0,3.0,3465.12,3546.38
Savigneux,42600,Maison,vente,orpi,42,130.0,289000.0,7.0,1.0,2223.08,3164.58
Crèche,79260,Maison,vente,pap,79,127.0,289000.0,5.0,3.0,2275.59,3546.38
Fons,30730,Maison,vente,pap,30,155.0,287000.0,7.0,4.0,1851.61,3482.15
Hesdin,62360,Maison,vente,orpi,62,171.0,274500.0,5.0,1.0,1605.26,2518.02
Hindisheim,67150,Maison,vente, ce bien possède tous les atouts pour un premier achat de maison : une grande pièce de vie qui permet d'accueillir un salon et une salle à manger,67,135.0,265000.0,5.0,1.0,1962.96,3394.09
Mézy-sur-seine,78250,Maison,vente,pap,78,133.0,258500.0,6.0,4.0,1943.61,3618.1
Ségur,81640,Maison,vente,pap,81,195.0,258000.0,5.0,3.0,1323.08,2787.61
Zonza,20124,Maison,vente,pap,20,35.4,245000.0,3.0,1.0,6913.09,4440.11
Sainte-marie,66470,Maison,vente,pap,66,74.0,244900.0,4.0,3.0,3309.46,3546.38
Tracy,60170,Maison,vente,orpi,60,107.0,242000.0,3.0,1.0,2261.68,3164.58
Fonbeauzard,31140,Maison,vente,orpi,31,83.0,234200.0,4.0,1.0,2821.69,3164.58
Romorantin,41200,Maison,vente,orpi,41,101.0,226000.0,3.0,1.0,2237.62,3164.58
Saint,62280,Maison,vente,orpi,62,103.0,198000.0,4.0,1.0,1922.33,3164.58
Reims,51100,Maison,vente,orpi,51,83.0,198000.0,4.0,1.0,2385.54,2988.9
Limoges,87000,Maison,vente,pap,87,208.0,195000.0,6.0,4.0,937.5,2787.61
Annay,62880,Maison,vente,orpi,62,150.0,189490.0,7.0,1.0,1263.27,3100.35
La Verpillière,38290,Maison,vente,orpi,38,95.0,189000.0,4.0,1.0,1989.47,2672.05
Boulogne,62200,Maison,vente,orpi,62,177.0,188000.0,5.0,1.0,1062.15,2518.02
Jaudrais,28250,Maison,vente,pap,28,100.0,180000.0,4.0,3.0,1800.0,3546.38
Basse,97100,Maison,vente,orpi,97,73.0,180000.0,3.0,1.0,2465.75,3164.58
Frespech,47140,Maison,vente,pap,47,110.0,169500.0,5.0,3.0,1540.91,3546.38
Boisset,15600,Maison,vente,pap,15,115.0,149000.0,5.0,4.0,1295.65,3546.38
Saint,38620,Maison,vente,orpi,38,61.0,145000.0,3.0,1.0,2377.05,3195.66
Marquise,62250,Maison,vente,orpi,62,90.0,140900.0,4.0,1.0,1565.56,3164.58
Semallé,61250,Maison,vente,orpi,61,60.0,128000.0,2.0,1.0,2133.33,3688.18
Mennetou,41320,Maison,vente,orpi,41,79.0,109000.0,4.0,1.0,1379.75,3164.58
Paris,75006,Appartement,vente,pap,75,62.0,1100000.0,3.0,2.0,17741.94,10732.29
Paris,75016,Appartement,vente,pap,75,106.0,1000000.0,4.0,2.0,9433.96,10380.67
Paris,75016,Appartement,vente,pap,75,102.0,980000.0,4.0,3.0,9607.84,10468.74
Paris,75010,Appartement,vente,pap,75,85.1,926000.0,5.0,3.0,10882.59,10468.74
Paris,75003,Appartement,vente,pap,75,70.0,845000.0,4.0,2.0,12071.43,10629.7
Nogent-sur-marne,94130,Appartement,vente,entreparticuliers,94,100.0,820000.0,5.0,1.0,8200.0,4752.53
City,92110,Appartement,vente,pap,92,72.0,729000.0,4.0,3.0,10125.0,6457.34
Paris,75015,Appartement,vente,pap,75,67.0,720000.0,3.0,2.0,10746.27,10629.7
Paris,75011,Appartement,vente,pap,75,65.0,700000.0,3.0,2.0,10769.23,10732.29
Paris,75019,Appartement,vente,pap,75,61.0,690000.0,3.0,2.0,11311.48,10784.61
Paris,75020,Appartement,vente,pap,75,78.0,680000.0,4.0,2.0,8717.95,10380.67
Cannet,6110,Appartement,vente,pap,61,120.0,630000.0,5.0,3.0,5250.0,3546.38
Paris,75010,Appartement,vente,pap,75,78.0,625000.0,4.0,3.0,8012.82,10468.74
Pau,64000,Appartement,vente,pap,64,250.0,599000.0,6.0,5.0,2396.0,3746.52
Marseille,13001,Appartement,vente,entreparticuliers,13,113.0,595000.0,4.0,1.0,5265.49,3726.2
Paris,75010,Appartement,vente,pap,75,76.0,579000.0,3.0,2.0,7618.42,10380.67
Bandol,83150,Appartement,vente,orpi,83,77.0,575000.0,3.0,1.0,7467.53,3164.58
Bordeaux,33000,Appartement,vente,pap,33,105.0,546000.0,5.0,3.0,5200.0,3546.38
Paris,75010,Appartement,vente,pap,75,59.0,540000.0,3.0,2.0,9152.54,10784.61
Paris,75013,Appartement,vente,pap,75,54.0,539000.0,3.0,2.0,9981.48,10784.61
Paris,75013,Appartement,vente,pap,75,65.0,532000.0,3.0,2.0,8184.62,10732.29
Saint-cloud,92210,Appartement,vente,pap,92,61.0,530000.0,3.0,2.0,8688.52,6612.25
Paris,75014,Appartement,vente,pap,75,61.0,530000.0,2.0,1.0,8688.52,10784.61
Paris,75005,Appartement,vente,pap,75,30.0,500000.0,2.0,1.0,16666.67,10784.61
Paris,75011,Appartement,vente,pap,75,52.3,495000.0,2.0,1.0,9464.63,10784.61
Nanterre,92000,Appartement,vente,pap,92,107.0,485000.0,5.0,3.0,4532.71,6296.37
Paris,75005,Appartement,vente,pap,75,36.0,480000.0,2.0,1.0,13333.33,10784.61
Paris,75019,Appartement,vente,pap,75,53.0,473000.0,3.0,2.0,8924.53,10784.61
Paris,75013,Appartement,vente,pap,75,47.8,470000.0,3.0,2.0,9832.64,10784.61
Paris,75013,Appartement,vente,pap,75,52.8,463500.0,3.0,2.0,8776.75,10784.61
Marseille,13001,Appartement,vente,entreparticuliers,13,80.0,450000.0,4.0,1.0,5625.0,3726.2
Marseille,13001,Appartement,vente,entreparticuliers,13,55.0,450000.0,4.0,1.0,8181.82,4304.23
Grimaud,83310,Appartement,vente,entreparticuliers,83,80.0,424000.0,4.0,1.0,5300.0,3458.32
Paris,75019,Appartement,vente,pap,75,51.0,420000.0,2.0,1.0,8235.29,10784.61
Paris,75010,Appartement,vente,pap,75,35.4,419000.0,3.0,2.0,11839.5,10784.61
Châtillon,92320,Appartement,vente,pap,92,77.0,410000.0,4.0,3.0,5324.68,6296.37
Grasse,6130,Appartement,vente,pap,61,66.0,395000.0,3.0,2.0,5984.85,3707.34
Nogent,94130,Appartement,vente,orpi,94,58.0,385000.0,3.0,1.0,6637.93,4982.4
Paris,75014,Appartement,vente,pap,75,52.0,385000.0,2.0,1.0,7403.85,10784.61
Paris,75011,Appartement,vente,pap,75,35.0,385000.0,2.0,1.0,11000.0,10784.61
Cergy,95000,Appartement,vente,pap,95,95.2,379000.0,5.0,3.0,3981.09,3546.38
Paris,75001,Appartement,vente,entreparticuliers,75,64.0,379000.0,4.0,1.0,5921.88,10732.29
Puteaux,92800,Appartement,vente,pap,92,50.0,379000.0,2.0,1.0,7580.0,6612.25
Paris,75018,Appartement,vente,pap,75,42.0,369000.0,2.0,1.0,8785.71,10784.61
Paris,75015,Appartement,vente,pap,75,28.5,369000.0,2.0,1.0,12947.37,12281.53
Royan,17200,Appartement,vente,orpi,17,64.0,353090.0,3.0,1.0,5517.03,3701.12
Nice,6100,Appartement,vente,orpi,61,70.0,350000.0,3.0,1.0,5000.0,3413.61
Paris,75018,Appartement,vente,pap,75,41.0,349000.0,2.0,1.0,8512.2,10784.61
Nanterre,92000,Appartement,vente,pap,92,60.0,340000.0,3.0,2.0,5666.67,6612.25
Lille,59800,Appartement,vente,orpi,59,66.0,339200.0,3.0,1.0,5139.39,3413.61
Cannes,6150,Appartement,vente,pap,61,41.0,330000.0,2.0,1.0,8048.78,3862.25
Asnières-sur-seine,92600,Appartement,vente,pap,92,45.0,320000.0,2.0,1.0,7111.11,6612.25
Paris,75015,Appartement,vente,pap,75,26.0,320000.0,1.0,1.0,12307.69,12281.53
Fontenay,92260,Appartement,vente,orpi,92,88.0,315000.0,4.0,1.0,3579.55,5914.57
Paris,75007,Appartement,vente,pap,75,20.0,300000.0,1.0,1.0,15000.0,12281.53
Anglet,64600,Appartement,vente,orpi,64,73.0,299900.0,3.0,1.0,4108.22,3501.89
Vincennes,94300,Appartement,vente,orpi,94,34.0,299000.0,2.0,1.0,8794.12,5360.71
Chatou,78400,Appartement,vente,pap,78,72.0,297000.0,4.0,3.0,4125.0,3843.29
Paris,75011,Appartement,vente,pap,75,26.7,292000.0,1.0,1.0,10924.06,12281.53
Strasbourg,67100,Appartement,vente,pap,67,73.0,289000.0,3.0,2.0,3958.9,3458.32
Créteil,94000,Appartement,vente,pap,94,65.0,289000.0,3.0,2.0,4446.15,5104.15
Maisons-alfort,94700,Appartement,vente,pap,94,61.0,280000.0,3.0,2.0,4590.16,5156.47
Bourg-la-reine,92340,Appartement,vente,pap,92,50.7,280000.0,3.0,2.0,5523.77,6612.25
Saint-ouen-sur-seine,93400,Appartement,vente,pap,93,41.0,280000.0,3.0,2.0,6829.27,4255.08
Nancy,54000,Appartement,vente,orpi,54,96.0,279000.0,4.0,1.0,2906.25,3164.58
Lille,59000,Appartement,vente,orpi,59,85.0,279000.0,4.0,1.0,3282.35,3164.58
Vitry-sur-seine,94400,Appartement,vente,pap,94,79.0,275000.0,4.0,3.0,3481.01,4840.59
Paris,75020,Appartement,vente,pap,75,32.5,275000.0,1.0,1.0,8461.54,10784.61
Le Havre,76600,Appartement,vente,entreparticuliers,76,73.0,270000.0,3.0,1.0,3698.63,3458.32
Paris,75013,Appartement,vente,pap,75,35.0,270000.0,2.0,1.0,7714.29,10784.61
Bischheim,67800,Appartement,vente,orpi,67,95.0,265000.0,4.0,1.0,2789.47,3164.58
Arcachon,33120,Appartement,vente,entreparticuliers,33,33.0,260000.0,2.0,1.0,7878.79,4097.58
Boulogne,62200,Appartement,vente,orpi,62,96.0,259000.0,4.0,1.0,2697.92,3164.58
Illkirch,67400,Appartement,vente,orpi,67,75.0,256800.0,3.0,1.0,3424.0,3164.58
Le Cannet,6110,Appartement,vente,orpi,61,46.0,255000.0,3.0,1.0,5543.48,4066.5
Le Gosier,97190,Appartement,vente,orpi,97,95.0,254000.0,3.0,1.0,2673.68,3164.58
Clayes-sous-bois,78340,Appartement,vente,pap,78,64.5,250000.0,3.0,2.0,3875.97,3945.88
Noisy,93160,Appartement,vente,orpi,93,54.0,248000.0,3.0,1.0,4592.59,3862.71
Paris,75019,Appartement,vente,pap,75,25.7,240000.0,1.0,1.0,9334.89,12281.53
Havre,76600,Appartement,vente,pap,76,88.0,235000.0,4.0,3.0,2670.45,3546.38
Rueil-malmaison,92500,Appartement,vente,pap,92,29.0,235000.0,2.0,1.0,8103.45,8814.13
Choisy-le-roi,94600,Appartement,vente,pap,94,43.0,232000.0,2.0,1.0,5395.35,5156.47
Divonne-les-bains,1220,Appartement,vente,entreparticuliers,12,40.0,225000.0,2.0,1.0,5625.0,4097.58
Rennes,35000,Appartement,vente,pap,35,49.0,224000.0,2.0,1.0,4571.43,3862.25
Savigny-le-temple,77176,Appartement,vente,entreparticuliers,77,72.0,215000.0,4.0,1.0,2986.11,3707.34
Villeneuve,6270,Appartement,vente,orpi,62,27.0,215000.0,2.0,1.0,7962.96,3563.06
Le Gosier,97190,Appartement,vente,orpi,97,74.0,205000.0,2.0,1.0,2770.27,3164.58
Cavalaire-sur-mer,83240,Appartement,vente,pap,83,33.0,205000.0,2.0,1.0,6212.12,3862.25
Croissy-sur-seine,78290,Appartement,vente,pap,78,42.0,200000.0,2.0,1.0,4761.9,3998.2
Mérignac,33700,Appartement,vente,entreparticuliers,33,46.0,199000.0,2.0,1.0,4326.09,4097.58
Mundolsheim,67450,Appartement,vente,orpi,67,100.0,189500.0,3.0,1.0,1895.0,3164.58
Aucamville,31140,Appartement,vente,orpi,31,52.0,181000.0,3.0,1.0,3480.77,3688.18
Saint,59350,Appartement,vente,orpi,59,44.0,181000.0,2.0,1.0,4113.64,4066.5
Auxerre,89000,Appartement,vente,pap,89,97.0,180000.0,4.0,3.0,1855.67,3546.38
Paris,75003,Appartement,vente,pap,75,18.0,180000.0,1.0,1.0,10000.0,12281.53
Yerres,91330,Appartement,vente,orpi,91,84.0,179000.0,5.0,1.0,2130.95,3164.58
Valenciennes,59300,Appartement,vente,orpi,59,50.0,179000.0,2.0,1.0,3580.0,3688.18
Bihorel,76420,Appartement,vente,entreparticuliers,76,76.0,169600.0,4.0,1.0,2231.58,3458.32
Toulouse,31200,Appartement,vente,orpi,31,56.0,169600.0,3.0,1.0,3028.57,3688.18
Ramonville-saint-agne,31520,Appartement,vente,entreparticuliers,31,45.0,169000.0,2.0,1.0,3755.56,4097.58
Neuilly-plaisance,93360,Appartement,vente,entreparticuliers,93,30.0,158500.0,2.0,1.0,5283.33,4490.4
Paris,75001,Appartement,vente,pap,75,9.5,150000.0,1.0,1.0,15856.24,12281.53
Corbeil-essonnes,91100,Appartement,vente,pap,91,65.0,149900.0,3.0,2.0,2306.15,3809.94
Toulouse,31000,Appartement,vente,pap,31,28.2,149000.0,1.0,1.0,5293.07,3862.25
Saint,62280,Appartement,vente,orpi,62,50.0,148600.0,2.0,1.0,2972.0,3184.74
Paris,75020,Appartement,vente,pap,75,16.0,148000.0,1.0,1.0,9250.0,12281.53
Amélie-les-bains-palalda,66110,Appartement,vente,pap,66,67.0,142500.0,3.0,2.0,2126.87,3707.34
Seyne-sur-mer,83500,Appartement,vente,pap,83,68.0,139000.0,3.0,2.0,2044.12,3707.34
Pau,64000,Appartement,vente,orpi,64,67.0,130000.0,3.0,1.0,1940.3,3689.69
Saint,2100,Appartement,vente,orpi,21,118.0,126900.0,5.0,1.0,1075.42,3164.58
Toulouse,31300,Appartement,vente, à proximité immédiate du périphérique et de toutes les commodités,31,35.0,125000.0,2.0,1.0,3571.43,3862.25
Saint,88100,Appartement,vente,orpi,88,67.0,99500.0,3.0,1.0,1485.07,2943.51
Villers,14640,Appartement,vente,orpi,14,32.0,93650.0,2.0,1.0,2926.56,4066.5
Compiègne,60200,Appartement,vente,pap,60,15.0,61000.0,2.0,1.0,4066.67,3862.25
Boulogne,62200,Appartement,vente,orpi,62,27.0,51000.0,2.0,1.0,1888.89,3563.06
Paris 19,75019,inconnu,vente,orpi,75,20.0,15000.0,3.0,1.0,750.0,1225.7
Malakoff,92240,Maison,vente,pap,92,151.0,1372900.0,3.0,5.0,9092.05,6232.15
Garches,92380,Maison,vente,pap,92,200.0,1350000.0,3.0,4.0,6750.0,5537.6
Saint-cloud,92210,Maison,vente,pap,92,150.0,1330000.0,3.0,3.0,8866.67,6232.15
Vésinet,78110,Maison,vente,pap,78,259.0,1290000.0,9.0,5.0,4980.69,3001.41
Garches,92380,Maison,vente,pap,92,180.0,1240000.0,3.0,5.0,6888.89,5537.6
Marseille,13012,Maison,vente,pap,13,150.0,1200000.0,6.0,5.0,8000.0,4486.5
Fontainebleau,77300,Maison,vente,pap,77,168.0,1195000.0,6.0,5.0,7113.1,4425.42
Garches,92380,Maison,vente,pap,92,160.0,1190000.0,3.0,4.0,7437.5,6232.15
Chessy,77700,Maison,vente,orpi,77,175.0,1095000.0,7.0,1.0,6257.14,4155.84
Cachan,94230,Maison,vente,pap,94,287.0,980000.0,6.0,5.0,3414.63,4081.82
Rueil-malmaison,92500,Maison,vente,pap,92,140.0,980000.0,3.0,4.0,7000.0,6232.15
Maisons-alfort,94700,Maison,vente,pap,94,153.0,920000.0,7.0,5.0,6013.07,4776.37
Châtenay-malabry,92290,Maison,vente,pap,92,140.0,900000.0,3.0,4.0,6428.57,6232.15
Possession,97419,Maison,vente,pap,97,135.0,790000.0,6.0,4.0,5851.85,3696.16
Ivry-sur-seine,94200,Maison,vente,pap,94,152.0,772900.0,3.0,5.0,5084.87,4776.37
Maisons-alfort,94700,Maison,vente,pap,94,132.0,768900.0,3.0,4.0,5825.0,4776.37
Étang-salé,97427,Maison,vente,pap,97,130.0,748000.0,6.0,5.0,5753.85,3760.39
Carros,6510,Maison,vente,pap,65,105.0,710000.0,5.0,3.0,6761.9,3546.38
Haÿ-les-roses,94240,Maison,vente,pap,94,124.0,683900.0,3.0,4.0,5515.32,4840.59
Épinay-sur-seine,93800,Maison,vente,pap,93,165.0,642900.0,3.0,5.0,3896.36,3656.68
Cabrières,84240,Maison,vente,orpi,84,159.0,630000.0,5.0,1.0,3962.26,3100.35
Levens,6670,Maison,vente,pap,66,122.0,630000.0,4.0,3.0,5163.93,3546.38
Châtillon,92320,Maison,vente,pap,92,108.0,630000.0,4.0,2.0,5833.33,6208.31
Haÿ-les-roses,94240,Maison,vente,pap,94,91.0,615000.0,3.0,3.0,6758.24,4840.59
Bouscat,33110,Maison,vente,pap,33,160.0,600000.0,6.0,5.0,3750.0,3482.15
Gagny,93220,Maison,vente,pap,93,190.0,598000.0,7.0,5.0,3147.37,3063.04
Oullins,69600,Maison,vente,orpi,69,117.0,585000.0,5.0,1.0,5000.0,3480.06
Bordeaux,33000,Maison,vente,pap,33,110.0,585000.0,4.0,3.0,5318.18,3546.38
Villetelle,34400,Maison,vente,orpi,34,151.0,559000.0,4.0,1.0,3701.99,3100.35
Le Teich,33470,Maison,vente,orpi,33,157.0,549000.0,6.0,1.0,3496.82,3100.35
Épinay-sur-seine,93800,Maison,vente,pap,93,128.0,546900.0,3.0,3.0,4272.66,3720.91
Vitry-sur-seine,94400,Maison,vente,pap,94,131.0,545000.0,3.0,3.0,4160.31,4840.59
Orsay,91400,Maison,vente,orpi,91,143.0,540000.0,7.0,1.0,3776.22,3100.35
Saint-paul,97400,Maison,vente,pap,97,107.7,540000.0,5.0,4.0,5013.93,3760.39
Saint-pierre,97400,Maison,vente,pap,97,150.0,529000.0,4.0,3.0,3526.67,3696.16
Vernouillet,78540,Maison,vente,pap,78,142.0,510000.0,5.0,3.0,3591.55,3618.1
Wissant,62179,Maison,vente,orpi,62,94.0,504000.0,5.0,1.0,5361.7,3164.58
Villejuif,94800,Maison,vente,pap,94,132.0,503126.0,3.0,5.0,3811.56,4776.37
Vitry-sur-seine,94400,Maison,vente,pap,94,102.0,499400.0,3.0,4.0,4896.08,4840.59
Barbentane,13570,Maison,vente,orpi,13,180.0,480000.0,6.0,1.0,2666.67,2785.9
Aubagne,13400,Maison,vente,pap,13,108.0,480000.0,4.0,3.0,4444.44,3814.26
Baudinard-sur-verdon,83630,Maison,vente,pap,83,180.0,479000.0,8.0,5.0,2661.11,2787.61
Villejuif,94800,Maison,vente,pap,94,102.0,476819.0,3.0,4.0,4674.7,4840.59
Val,83143,Maison,vente,pap,83,147.0,470000.0,5.0,3.0,3197.28,3482.15
Fréjus,83600,Maison,vente,pap,83,90.0,465000.0,4.0,3.0,5166.67,3546.38
Lanton,33138,Maison,vente,pap,33,240.0,459000.0,8.0,5.0,1912.5,2787.61
Lille,59000,Maison,vente,orpi,59,185.0,452350.0,6.0,1.0,2445.14,2518.02
Jarville-la-malgrange,54140,Maison,vente,pap,54,220.0,450000.0,6.0,5.0,2045.45,2787.61
Norville,91290,Maison,vente,pap,91,152.0,449600.0,9.0,4.0,2957.89,3482.15
Saint-thomé,7220,Maison,vente,pap,72,290.0,445000.0,6.0,4.0,1534.48,2787.61
Argenteuil,95100,Maison,vente,pap,95,88.0,439900.0,3.0,3.0,4998.86,3546.38
Neuilly-plaisance,93360,Maison,vente,pap,93,138.0,438529.0,3.0,5.0,3177.75,3656.68
Gérardmer,88400,Maison,vente,pap,88,180.0,430000.0,6.0,5.0,2388.89,2787.61
Saint,97118,Maison,vente,orpi,97,162.0,430000.0,5.0,1.0,2654.32,3100.35
Aussonne,31840,Maison,vente,pap,31,166.0,427000.0,6.0,5.0,2572.29,3482.15
Champigny-sur-marne,94500,Maison,vente,pap,94,132.0,399999.0,3.0,5.0,3030.3,4776.37
La Verpillière,38290,Maison,vente,orpi,38,164.0,399000.0,7.0,1.0,2432.93,2607.82
Pontault-combault,77340,Maison,vente,pap,77,122.0,399000.0,6.0,3.0,3270.49,3546.38
Champigny-sur-marne,94500,Maison,vente,pap,94,112.0,399000.0,3.0,4.0,3562.5,4840.59
Bezons,95870,Maison,vente,pap,95,110.0,399000.0,3.0,4.0,3627.27,3546.38
Bezons,95870,Maison,vente,pap,95,132.0,396000.0,3.0,5.0,3000.0,3482.15
Rosny-sous-bois,93110,Maison,vente,pap,93,132.0,382900.0,3.0,5.0,2900.76,3656.68
Verneuil-sur-seine,78480,Maison,vente,pap,78,98.0,380000.0,5.0,3.0,3877.55,3682.32
Saint-martin-aux-chartrains,14130,Maison,vente,pap,14,170.0,374000.0,5.0,4.0,2200.0,2787.61
Rosny-sous-bois,93110,Maison,vente,pap,93,118.0,369900.0,3.0,4.0,3134.75,3720.91
Harcourt,27800,Maison,vente,pap,27,164.0,365000.0,5.0,3.0,2225.61,3482.15
Rosny-sous-bois,93110,Maison,vente,pap,93,130.0,363000.0,3.0,4.0,2792.31,3720.91
Sceaux-du-gâtinais,45490,Maison,vente,pap,45,233.0,360000.0,9.0,5.0,1545.06,2787.61
Paris,75020,Maison,vente,pap,75,43.0,360000.0,2.0,1.0,8372.09,10784.61
Plouégat-guérand,29620,Maison,vente,entreparticuliers,29,195.0,359000.0,6.0,1.0,1841.03,2699.54
Saint-gilles,30800,Maison,vente,pap,30,92.0,359000.0,4.0,3.0,3902.17,3546.38
Pierre,69310,Maison,vente,orpi,69,88.0,350000.0,4.0,1.0,3977.27,3480.06
Gallardon,28320,Maison,vente,orpi,28,125.0,349650.0,7.0,1.0,2797.2,3164.58
Drancy,93700,Maison,vente,pap,93,110.0,349000.0,3.0,4.0,3172.73,3720.91
Chatuzange,26300,Maison,vente,orpi,26,109.0,349000.0,4.0,1.0,3201.83,3164.58
Tremblay,93290,Maison,vente,orpi,93,102.0,349000.0,4.0,1.0,3421.57,3339.11
Bezons,95870,Maison,vente,pap,95,96.0,346000.0,3.0,3.0,3604.17,3546.38
Chaumont-sur-loire,41150,Maison,vente,pap,41,200.0,340000.0,6.0,5.0,1700.0,2787.61
Rochefort,17300,Maison,vente,orpi,17,125.0,332325.0,5.0,1.0,2658.6,3349.5
Macouria,97355,Maison,vente,orpi,97,180.0,330720.0,5.0,1.0,1837.33,2518.02
Rosny-sous-bois,93110,Maison,vente,pap,93,69.0,324900.0,3.0,3.0,4708.7,3881.87
Rosny-sous-bois,93110,Maison,vente,pap,93,78.0,317900.0,3.0,3.0,4075.64,3720.91
Villejuif,94800,Maison,vente,pap,94,48.0,309900.0,3.0,1.0,6456.25,5156.47
Ars,17590,Maison,vente,orpi,17,38.0,308000.0,3.0,1.0,8105.26,4251.43
Féchain,59247,Maison,vente,orpi,59,226.0,299900.0,6.0,1.0,1326.99,2518.02
Annonay,7100,Maison,vente,pap,71,130.0,299500.0,5.0,4.0,2303.85,3546.38
Hauterives,26390,Maison,vente,pap,26,90.0,290000.0,4.0,3.0,3222.22,3546.38
Pompignan,82170,Maison,vente,orpi,82,115.0,286800.0,5.0,1.0,2493.91,3164.58
Osny,95520,Maison,vente,orpi,95,72.0,286200.0,4.0,1.0,3975.0,3413.61
Creysse,24100,Maison,vente,pap,24,255.0,285000.0,9.0,4.0,1117.65,2787.61
Penmarch,29760,Maison,vente,pap,29,120.0,285000.0,5.0,4.0,2375.0,3546.38
Rochefort,17300,Maison,vente,orpi,17,112.0,284850.0,4.0,1.0,2543.3,3349.5
Saint,40230,Maison,vente,orpi,40,77.0,275000.0,4.0,1.0,3571.43,3164.58
Fay,80200,Maison,vente,orpi,80,156.0,272190.0,5.0,1.0,1744.81,3100.35
Trinité-de-thouberville,27310,Maison,vente,pap,27,130.0,263000.0,5.0,3.0,2023.08,3546.38
Mulhouse,68100,Maison,vente,pap,68,93.0,250000.0,5.0,3.0,2688.17,3546.38
Groslay,95410,Maison,vente,orpi,95,70.0,250000.0,4.0,1.0,3571.43,3413.61
Déols,36130,Maison,vente,pap,36,167.0,240000.0,7.0,5.0,1437.13,2787.61
Gandrange,57175,Maison,vente,orpi,57,90.0,239000.0,5.0,1.0,2655.56,3164.58
Vaujours,93410,Maison,vente,orpi,93,65.0,239000.0,4.0,1.0,3676.92,3690.73
Pierrelatte,26700,Maison,vente,orpi,26,90.0,235000.0,3.0,1.0,2611.11,3164.58
Cholet,49300,Maison,vente,orpi,49,102.0,234300.0,4.0,1.0,2297.06,3164.58
Tourcoing,59200,Maison,vente,orpi,59,105.0,232900.0,3.0,1.0,2218.1,3164.58
La Neuville,8310,Maison,vente,orpi,83,120.0,230000.0,4.0,1.0,1916.67,3164.58
Muzillac,56190,Maison,vente,orpi,56,105.0,199395.0,5.0,1.0,1899.0,3164.58
Monviel,47290,Maison,vente,entreparticuliers,47,167.0,195000.0,8.0,1.0,1167.66,2699.54
Carcassonne,11000,Maison,vente,orpi,11,101.0,192000.0,4.0,1.0,1900.99,3164.58
Le Portel,62480,Maison,vente,orpi,62,74.0,188000.0,3.0,1.0,2540.54,3164.58
Calvisson,30420,Maison,vente,pap,30,50.0,175000.0,3.0,2.0,3500.0,3862.25
Boulogne,62200,Maison,vente,orpi,62,90.0,166600.0,3.0,1.0,1851.11,3164.58
Breuillet,17920,Maison,vente,orpi,17,57.0,164800.0,3.0,1.0,2891.23,3873.11
Épinal,88000,Maison,vente,orpi,88,109.0,141700.0,6.0,1.0,1300.0,3164.58
La Lande,61210,Maison,vente,orpi,61,116.0,141300.0,3.0,1.0,1218.1,3164.58
Saint,41110,Maison,vente,orpi,41,85.0,138450.0,3.0,1.0,1628.82,3164.58
Paris,75004,Appartement,vente,pap,75,80.0,1295000.0,1.0,1.0,16187.5,12538.9
Paris,75010,Appartement,vente,pap,75,110.0,1195000.0,5.0,3.0,10863.64,10468.74
Paris,75012,Appartement,vente,pap,75,98.8,1145000.0,4.0,2.0,11589.07,10380.67
Vincennes,94300,Appartement,vente,pap,94,174.0,1095000.0,6.0,4.0,6293.1,4081.82
Paris,75006,Appartement,vente,pap,75,61.0,1020000.0,3.0,2.0,16721.31,10784.61
Paris,75016,Appartement,vente,pap,75,83.0,995000.0,3.0,2.0,11987.95,10380.67
Paris,75006,Appartement,vente,pap,75,65.0,980000.0,3.0,1.0,15076.92,10732.29
Saint-mandé,94160,Appartement,vente,pap,94,108.0,960000.0,4.0,3.0,8888.89,4840.59
Paris,75020,Appartement,vente,pap,75,109.0,929000.0,3.0,2.0,8522.94,10380.67
Megève,74120,Appartement,vente,entreparticuliers,74,84.0,925000.0,3.0,1.0,11011.9,8515.26
Maisons-alfort,94700,Appartement,vente,pap,94,118.9,850000.0,6.0,4.0,7147.06,4840.59
Montreuil,93100,Appartement,vente,pap,93,105.1,830000.0,4.0,3.0,7901.0,3720.91
Paris,75011,Appartement,vente,pap,75,73.0,815000.0,3.0,2.0,11164.38,10380.67
Paris,75020,Appartement,vente,pap,75,94.0,795000.0,4.0,3.0,8457.45,10468.74
Paris,75017,Appartement,vente,pap,75,75.0,780000.0,3.0,2.0,10400.0,10380.67
Paris,75008,Appartement,vente,pap,75,76.2,740000.0,3.0,2.0,9715.11,10380.67
Paris,75004,Appartement,vente,pap,75,43.0,660000.0,2.0,1.0,15348.84,10784.61
Paris,75001,Appartement,vente,entreparticuliers,75,27.0,650000.0,1.0,1.0,24074.07,12516.85
Possession,97419,Appartement,vente,pap,97,230.0,630000.0,4.0,3.0,2739.13,3001.61
Paris,75018,Appartement,vente,pap,75,74.0,610000.0,4.0,2.0,8243.24,10380.67
Antony,92160,Appartement,vente,orpi,92,108.0,595000.0,6.0,1.0,5509.26,5914.57
Versailles,78000,Appartement,vente,pap,78,96.4,595000.0,4.0,3.0,6175.4,3682.32
Paris,75003,Appartement,vente,pap,75,36.0,570000.0,2.0,1.0,15833.33,10784.61
Paris,75002,Appartement,vente,pap,75,43.0,550000.0,2.0,1.0,12790.7,10784.61
Paris,75018,Appartement,vente,pap,75,50.0,539000.0,3.0,2.0,10780.0,10784.61
Paris,75017,Appartement,vente,pap,75,41.0,499000.0,2.0,1.0,12170.73,10784.61
Meudon,92190,Appartement,vente,pap,92,67.0,470000.0,3.0,2.0,7014.93,6457.34
Paris,75002,Appartement,vente,pap,75,37.0,469000.0,2.0,1.0,12675.68,10784.61
Paris,75008,Appartement,vente,pap,75,31.3,430000.0,2.0,1.0,13751.2,10784.61
Villeneuve-loubet,6270,Appartement,vente,pap,62,55.3,420000.0,3.0,2.0,7592.19,8112.67
Paris,75017,Appartement,vente,pap,75,32.0,420000.0,2.0,1.0,13125.0,10784.61
Paris,75018,Appartement,vente,pap,75,41.0,415000.0,2.0,1.0,10121.95,10784.61
Rennes,35000,Appartement,vente,entreparticuliers,35,78.0,399000.0,4.0,1.0,5115.38,3458.32
Boulogne-billancourt,92100,Appartement,vente,pap,92,42.0,385000.0,2.0,1.0,9166.67,8814.13
La Teste,33260,Appartement,vente,orpi,33,82.0,380000.0,4.0,1.0,4634.15,3164.58
Aix-en-provence,13080,Appartement,vente,entreparticuliers,13,66.0,380000.0,3.0,1.0,5757.58,3913.99
Paris,75011,Appartement,vente,pap,75,38.0,380000.0,2.0,1.0,10000.0,10784.61
Saint,17410,Appartement,vente,orpi,17,61.0,378000.0,2.0,1.0,6196.72,3873.11
Saint,17410,Appartement,vente,orpi,17,46.0,367500.0,2.0,1.0,7989.13,4251.43
Paris,75019,Appartement,vente,pap,75,36.4,342000.0,2.0,1.0,9405.94,10784.61
Chennevières-sur-marne,94430,Appartement,vente,entreparticuliers,94,92.0,339000.0,5.0,1.0,3684.78,4752.53
Paris,75017,Appartement,vente,pap,75,33.0,329000.0,2.0,1.0,9957.63,10784.61
Fontenay-sous-bois,94120,Appartement,vente,pap,94,45.3,325000.0,3.0,2.0,7172.81,5156.47
Mittelhausbergen,67206,Appartement,vente,entreparticuliers,67,68.0,300000.0,3.0,1.0,4411.76,3707.34
Villeneuve-la-garenne,92390,Appartement,vente,pap,92,102.0,299000.0,5.0,4.0,2931.37,6296.37
Paris,75012,Appartement,vente,pap,75,29.0,299000.0,2.0,1.0,10310.34,12281.53
Lyon,69008,Appartement,vente,pap,69,71.0,298000.0,4.0,3.0,4197.18,3702.5
Paris,75012,Appartement,vente,pap,75,31.0,298000.0,2.0,1.0,9612.9,10784.61
Vanves,92170,Appartement,vente,orpi,92,44.0,296400.0,2.0,1.0,6736.36,6816.5
Paris,75012,Appartement,vente,pap,75,27.2,290000.0,1.0,1.0,10673.54,12281.53
Thionville,57100,Appartement,vente,orpi,57,75.0,289000.0,4.0,1.0,3853.33,3164.58
Le Plessis-robinson,92350,Appartement,vente,entreparticuliers,92,80.0,288750.0,4.0,1.0,3609.38,6208.31
La Penne,13821,Appartement,vente,orpi,13,85.0,279500.0,4.0,1.0,3288.24,3432.46
Vitry-sur-seine,94400,Appartement,vente,pap,94,76.0,279000.0,4.0,2.0,3671.05,4752.53
Paris,75019,Appartement,vente,pap,75,24.4,275000.0,2.0,1.0,11261.26,12281.53
Paris,75013,Appartement,vente,pap,75,36.7,260000.0,1.0,1.0,7090.26,10784.61
Marseille,13001,Appartement,vente,entreparticuliers,13,54.0,259000.0,2.0,1.0,4796.3,4304.23
Saint-denis,97400,Appartement,vente,pap,97,74.0,255000.0,3.0,2.0,3445.95,3672.32
Vitry-sur-seine,94400,Appartement,vente,pap,94,62.0,250000.0,3.0,2.0,4032.26,5104.15
Paris,75012,Appartement,vente,pap,75,24.5,250000.0,1.0,1.0,10204.08,12281.53
Lognes,77185,Appartement,vente,orpi,77,53.0,249000.0,3.0,1.0,4698.11,3688.18
Marseille 4,13004,Appartement,vente,orpi,13,52.0,249000.0,3.0,1.0,4788.46,3894.83
Noisy,93160,Appartement,vente,orpi,93,52.0,248700.0,2.0,1.0,4782.69,3862.71
Montigny-le-bretonneux,78180,Appartement,vente,entreparticuliers,78,51.0,245000.0,2.0,1.0,4803.92,4233.52
Saint-denis,93200,Appartement,vente,pap,93,66.0,244000.0,3.0,2.0,3696.97,3881.87
Sartrouville,78500,Appartement,vente,pap,78,44.0,240000.0,2.0,1.0,5454.55,3998.2
Le Cannet,6110,Appartement,vente,orpi,61,51.0,233000.0,2.0,1.0,4568.63,3688.18
Caissargues,30132,Appartement,vente,orpi,30,55.0,230000.0,2.0,1.0,4181.82,3688.18
Paris,75010,Appartement,vente,pap,75,22.0,230000.0,2.0,1.0,10454.55,12281.53
Auzeville-tolosane,31320,Appartement,vente,entreparticuliers,31,82.0,229500.0,4.0,1.0,2798.78,3458.32
Le Gosier,97190,Appartement,vente,orpi,97,44.0,220000.0,2.0,1.0,5000.0,4066.5
Paris,75017,Appartement,vente,pap,75,19.0,219300.0,1.0,1.0,11542.11,12281.53
Paris,75020,Appartement,vente,pap,75,25.5,218000.0,1.0,1.0,8549.02,12281.53
Séné,56860,Appartement,vente,pap,56,49.0,215000.0,3.0,2.0,4387.76,3862.25
Chelles,77500,Appartement,vente,orpi,77,61.0,209000.0,3.0,1.0,3426.23,3688.18
Toulouse,31000,Appartement,vente,pap,31,46.0,209000.0,2.0,1.0,4543.48,3862.25
Lilas,93260,Appartement,vente,pap,93,27.0,208000.0,1.0,1.0,7703.7,4732.54
Herblay,95220,Appartement,vente,pap,95,42.0,204000.0,2.0,1.0,4857.14,3862.25
Marseille 8,13008,Appartement,vente,orpi,13,55.0,199000.0,3.0,1.0,3618.18,3894.83
Paris,75010,Appartement,vente,pap,75,19.0,199000.0,1.0,1.0,10473.68,12281.53
La Verpillière,38290,Appartement,vente,orpi,38,81.0,198800.0,3.0,1.0,2454.32,2672.05
Cervione,20221,Appartement,vente,entreparticuliers,20,110.0,191000.0,4.0,1.0,1736.36,3100.47
Paris,75018,Appartement,vente,pap,75,22.0,190000.0,1.0,1.0,8636.36,12281.53
Avignon,84000,Appartement,vente,entreparticuliers,84,39.0,186000.0,2.0,1.0,4769.23,4097.58
Castanet,31320,Appartement,vente,orpi,31,58.0,179500.0,3.0,1.0,3094.83,3688.18
Paris,75020,Appartement,vente,pap,75,17.8,170000.0,1.0,1.0,9550.56,12281.53
Miramas,13140,Appartement,vente,orpi,13,55.0,169000.0,3.0,1.0,3072.73,3894.83
Choisy,94600,Appartement,vente,orpi,94,52.0,169000.0,2.0,1.0,3250.0,4982.4
Aubervilliers,93300,Appartement,vente,pap,93,48.0,169000.0,2.0,1.0,3520.83,4036.78
Cayenne,97300,Appartement,vente,orpi,97,67.0,167400.0,3.0,1.0,2498.51,3413.61
Paris,75009,Appartement,vente,pap,75,13.4,165000.0,1.0,1.0,12313.43,12281.53
Trappes,78190,Appartement,vente,pap,78,79.0,163000.0,4.0,3.0,2063.29,3682.32
Boulogne,62200,Appartement,vente,orpi,62,75.0,161600.0,3.0,1.0,2154.67,3164.58
Échirolles,38130,Appartement,vente,pap,38,67.0,160000.0,3.0,2.0,2388.06,3214.82
Biscarrosse,40600,Appartement,vente,orpi,40,27.0,159500.0,2.0,1.0,5907.41,4066.5
Pégomas,6580,Appartement,vente,entreparticuliers,65,32.0,155000.0,2.0,1.0,4843.75,4097.58
Jarville,54140,Appartement,vente,orpi,54,140.0,149000.0,6.0,1.0,1064.29,3100.35
Aurillac,15000,Appartement,vente,orpi,15,78.0,146500.0,4.0,1.0,1878.21,3164.58
Persan,95340,Appartement,vente,orpi,95,41.0,139900.0,2.0,1.0,3412.2,4066.5
Albertville,73200,Appartement,vente,orpi,73,57.0,139000.0,3.0,1.0,2438.6,3688.18
Orléans,45000,Appartement,vente,pap,45,43.0,138000.0,2.0,1.0,3209.3,3628.78
Boulogne,62200,Appartement,vente,orpi,62,68.0,135900.0,3.0,1.0,1998.53,3413.61
Metz,57000,Appartement,vente,entreparticuliers,57,45.0,134900.0,2.0,1.0,2997.78,4097.58
Orléans,45000,Appartement,vente,pap,45,40.0,132000.0,2.0,1.0,3300.0,3628.78
Lille,59800,Appartement,vente,orpi,59,29.0,129000.0,2.0,1.0,4448.28,4066.5
Paris,75005,Appartement,vente,pap,75,9.3,128000.0,1.0,1.0,13748.66,12281.53
Boulogne,62200,Appartement,vente,orpi,62,71.0,127200.0,3.0,1.0,1791.55,3413.61
Boulogne,62200,Appartement,vente,orpi,62,60.0,125200.0,3.0,1.0,2086.67,3184.74
Saran,45770,Appartement,vente,entreparticuliers,45,52.0,122700.0,2.0,1.0,2359.62,3864.1
Douai,59500,Appartement,vente,orpi,59,89.0,120390.0,3.0,1.0,1352.7,3164.58
Mans,72000,Appartement,vente,pap,72,41.3,120000.0,2.0,1.0,2905.57,3862.25
Metz,57070,Appartement,vente,orpi,57,37.0,120000.0,2.0,1.0,3243.24,4066.5
Marseille,13001,Appartement,vente,entreparticuliers,13,23.0,118000.0,1.0,1.0,5130.43,4304.23
Mons,59370,Appartement,vente,orpi,59,49.0,116600.0,2.0,1.0,2379.59,3688.18
Tourcoing,59200,Appartement,vente,orpi,59,57.0,108000.0,2.0,1.0,1894.74,3688.18
Barjols,83670,Appartement,vente,entreparticuliers,83,48.0,89000.0,3.0,1.0,1854.17,4097.58
Saint,66750,Appartement,vente,orpi,66,25.0,83000.0,1.0,1.0,3320.0,4066.5
Olivet,45160,Appartement,vente,orpi,45,25.0,77000.0,1.0,1.0,3080.0,3833.02
Saint,88100,Appartement,vente,orpi,88,69.0,69900.0,4.0,1.0,1013.04,2943.51
Paris,75019,Maison,vente,pap,75,111.0,1370000.0,5.0,3.0,12342.34,10468.74
Gaude,6610,Maison,vente,pap,66,169.0,1290000.0,4.0,3.0,7633.14,5262.95
Roquefort-les-pins,6330,Maison,vente,pap,63,195.0,1150000.0,6.0,4.0,5897.44,4410.17
Rueil-malmaison,92500,Maison,vente,pap,92,190.0,1143000.0,3.0,4.0,6015.79,5537.6
Montesson,78360,Maison,vente,pap,78,270.0,1080000.0,6.0,4.0,4000.0,3001.41
Charbonnières-les-bains,69260,Maison,vente,pap,69,200.0,1080000.0,7.0,5.0,5400.0,3103.09
Loix,17111,Maison,vente,pap,17,153.0,949000.0,6.0,4.0,6202.61,3667.08
Bayonne,64100,Maison,vente,orpi,64,184.0,890000.0,6.0,1.0,4836.96,3164.74
Paris,75017,Maison,vente,""" 2 chambres dans le Hameau des Batignolles (Paris 17ᵉ) """"""""""""""""Comme un secret bien gardé""",75,64.0,890000.0,4.0,2.0,13906.25,11369.71
Saint-cloud,92210,Maison,vente,pap,92,120.0,876000.0,3.0,3.0,7300.0,6296.37
Neuilly-plaisance,93360,Maison,vente,pap,93,165.0,852900.0,3.0,5.0,5169.09,3656.68
Coise-saint-jean-pied-gauthier,73800,Maison,vente,pap,73,275.0,850000.0,10.0,8.0,3090.91,2787.61
Rueil-malmaison,92500,Maison,vente,pap,92,128.0,848900.0,3.0,3.0,6632.03,6296.37
Sainte-marie,97438,Maison,vente,pap,97,289.0,828000.0,7.0,3.0,2865.05,3001.61
Rueil-malmaison,92500,Maison,vente,pap,92,150.0,780000.0,3.0,4.0,5200.0,6232.15
Uchaud,30620,Maison,vente,orpi,30,261.0,769000.0,7.0,1.0,2946.36,2518.02
Bandol,83150,Maison,vente,pap,83,110.0,765000.0,5.0,4.0,6954.55,3546.38
Pujaut,30131,Maison,vente,pap,30,280.0,750000.0,7.0,5.0,2678.57,2787.61
Neuilly-plaisance,93360,Maison,vente,pap,93,133.0,740000.0,3.0,4.0,5563.91,3656.68
Maisons-alfort,94700,Maison,vente,pap,94,90.0,733900.0,3.0,4.0,8154.44,4840.59
Linas,91310,Maison,vente,pap,91,239.0,725000.0,8.0,6.0,3033.47,2787.61
Antony,92160,Maison,vente,pap,92,123.0,720000.0,3.0,5.0,5853.66,6296.37
Cannet,6110,Maison,vente,pap,61,88.0,720000.0,4.0,3.0,8181.82,3546.38
Cavaillon,84300,Maison,vente,pap,84,180.0,650000.0,6.0,3.0,3611.11,2787.61
Maisons-alfort,94700,Maison,vente,pap,94,90.0,642900.0,3.0,4.0,7143.33,4840.59
Paris,75013,Maison,vente,pap,75,57.0,630000.0,2.0,1.0,11052.63,10784.61
Haÿ-les-roses,94240,Maison,vente,pap,94,124.0,629999.0,3.0,4.0,5080.64,4840.59
Rueil-malmaison,92500,Maison,vente,pap,92,93.0,628900.0,3.0,3.0,6762.37,6296.37
Rueil-malmaison,92500,Maison,vente,pap,92,87.0,602900.0,3.0,3.0,6929.89,6296.37
Saint-nazaire,44600,Maison,vente,pap,44,135.0,585000.0,5.0,4.0,4333.33,3482.15
Venansault,85190,Maison,vente,pap,85,230.0,570000.0,6.0,5.0,2478.26,2787.61
Bagnols-en-forêt,83600,Maison,vente,pap,83,135.0,560000.0,5.0,4.0,4148.15,3482.15
Fontenay-aux-roses,92260,Maison,vente,pap,92,104.0,551400.0,3.0,3.0,5301.92,6296.37
Saint-herblain,44800,Maison,vente,pap,44,225.0,549980.0,8.0,5.0,2444.36,2787.61
Eugénie-les-bains,40320,Maison,vente,pap,40,300.0,545000.0,6.0,5.0,1816.67,2787.61
Froeningen,68720,Maison,vente,orpi,68,128.0,535000.0,4.0,1.0,4179.69,3164.58
Paris,75020,Maison,vente, dans une Villa sans passage de voiture,75,42.0,515000.0,3.0,2.0,12261.9,10784.61
Châtenay-malabry,92290,Maison,vente,pap,92,104.0,513900.0,3.0,3.0,4941.35,6296.37
Olivet,45160,Maison,vente,pap,45,165.0,495000.0,6.0,5.0,3000.0,3482.15
Fresnes,94260,Maison,vente,pap,94,136.0,490000.0,3.0,4.0,3602.94,4776.37
Conflans-sainte-honorine,78700,Maison,vente,pap,78,120.0,480000.0,6.0,4.0,4000.0,3682.32
Clisson,44190,Maison,vente,pap,44,168.0,475000.0,8.0,5.0,2827.38,2787.61
Mont-de-marsan,40000,Maison,vente,entreparticuliers,40,270.0,470000.0,9.0,1.0,1740.74,2699.54
Villejuif,94800,Maison,vente,pap,94,90.0,463900.0,3.0,4.0,5154.44,4840.59
Argenteuil,95100,Maison,vente,pap,95,128.0,459000.0,3.0,4.0,3585.94,3546.38
Saint,69440,Maison,vente, et construite sur un terrain plat de 1774m²,69,151.0,440000.0,4.0,1.0,2913.91,3315.78
Fleury-mérogis,91700,Maison,vente,pap,91,146.0,439000.0,7.0,5.0,3006.85,3482.15
Gournay,93460,Maison,vente, jolie maison de 111 m² comprenant : Entrée ,93,111.0,439000.0,5.0,1.0,3954.95,3632.85
Haÿ-les-roses,94240,Maison,vente,pap,94,132.0,436072.0,3.0,5.0,3303.58,4776.37
Chevilly-larue,94550,Maison,vente,pap,94,97.0,434522.0,3.0,3.0,4479.61,4840.59
Choisy-le-roi,94600,Maison,vente,pap,94,140.0,420000.0,3.0,4.0,3000.0,4776.37
Angles,30133,Maison,vente,pap,30,107.0,397000.0,5.0,4.0,3710.28,3546.38
Maffliers,95560,Maison,vente,orpi,95,92.0,397000.0,4.0,1.0,4315.22,3164.58
Ponts-de-cé,49130,Maison,vente,pap,49,182.0,390000.0,6.0,3.0,2142.86,2787.61
Champigny-sur-marne,94500,Maison,vente,pap,94,95.0,389000.0,3.0,3.0,4094.74,4840.59
Bezons,95870,Maison,vente,pap,95,114.0,380000.0,3.0,4.0,3333.33,3546.38
Marignane,13700,Maison,vente,pap,13,90.0,380000.0,4.0,3.0,4222.22,3814.26
Osny,95520,Maison,vente,pap,95,120.0,379000.0,7.0,5.0,3158.33,3546.38
Tampon,97430,Maison,vente,pap,97,250.0,378000.0,6.0,5.0,1512.0,3001.61
Arles,13104,Maison,vente,pap,13,130.0,375000.0,4.0,3.0,2884.62,3814.26
Lignan-sur-orb,34490,Maison,vente,pap,34,132.0,370000.0,5.0,4.0,2803.03,3482.15
Vaulnaveys-le-haut,38410,Maison,vente,pap,38,100.0,370000.0,5.0,4.0,3700.0,3053.85
Saint,31140,Maison,vente,orpi,31,132.0,369000.0,5.0,1.0,2795.45,3100.35
Thiais,94320,Maison,vente,pap,94,93.0,368900.0,3.0,3.0,3966.67,4840.59
Bezons,95870,Maison,vente,pap,95,104.0,367000.0,3.0,3.0,3528.85,3546.38
Champigny-sur-marne,94500,Maison,vente,pap,94,81.0,365000.0,3.0,3.0,4506.17,4840.59
Drancy,93700,Maison,vente,pap,93,101.0,364900.0,3.0,3.0,3612.87,3720.91
Bezons,95870,Maison,vente,pap,95,97.0,364522.0,3.0,3.0,3757.96,3546.38
Thiais,94320,Maison,vente,pap,94,91.0,360900.0,3.0,3.0,3965.93,4840.59
Neuilly-plaisance,93360,Maison,vente,pap,93,106.0,356900.0,3.0,4.0,3366.98,3720.91
Bezons,95870,Maison,vente,pap,95,101.0,356000.0,3.0,3.0,3524.75,3546.38
Baie,97122,Maison,vente,orpi,97,123.0,355000.0,5.0,1.0,2886.18,3164.58
Ludon-médoc,33290,Maison,vente,pap,33,150.0,352000.0,6.0,3.0,2346.67,3482.15
Créteil,94000,Maison,vente,pap,94,104.0,351900.0,3.0,3.0,3383.65,4840.59
Vitry-sur-seine,94400,Maison,vente,pap,94,90.0,348900.0,3.0,4.0,3876.67,4840.59
Argenteuil,95100,Maison,vente,pap,95,111.0,345000.0,3.0,4.0,3108.11,3546.38
Chevilly-larue,94550,Maison,vente,pap,94,127.0,330000.0,3.0,4.0,2598.43,4840.59
Bezons,95870,Maison,vente,pap,95,93.0,319000.0,3.0,3.0,3430.11,3546.38
Vaujours,93410,Maison,vente,orpi,93,73.0,319000.0,3.0,1.0,4369.86,3339.11
Monnaie,37380,Maison,vente,orpi,37,220.0,317600.0,8.0,1.0,1443.64,2518.02
Brach,33480,Maison,vente,pap,33,90.0,310000.0,4.0,3.0,3444.44,3546.38
Bezons,95870,Maison,vente,pap,95,101.0,309900.0,3.0,3.0,3068.32,3546.38
Bondy,93140,Maison,vente,pap,93,90.0,308900.0,3.0,4.0,3432.22,3720.91
Knutange,57240,Maison,vente,orpi,57,95.0,305000.0,4.0,1.0,3210.53,3164.58
Dammarie,77190,Maison,vente,orpi,77,104.0,303000.0,5.0,1.0,2913.46,3164.58
Cusset,3300,Maison,vente,orpi,33,106.0,299900.0,4.0,1.0,2829.25,3164.58
Morne,97111,Maison,vente,orpi,97,162.0,299000.0,6.0,1.0,1845.68,3100.35
Fontaine,91690,Maison,vente,orpi,91,103.0,299000.0,4.0,1.0,2902.91,3164.58
Lille,59000,Maison,vente,orpi,59,95.0,299000.0,5.0,1.0,3147.37,3164.58
Sainte,97180,Maison,vente,orpi,97,91.0,299000.0,5.0,1.0,3285.71,3164.58
Pechbusque,31320,Maison,vente,orpi,31,68.0,299000.0,4.0,1.0,4397.06,3413.61
Carvin,62220,Maison,vente,orpi,62,304.0,292090.0,6.0,1.0,960.82,2518.02
Orvault,44700,Maison,vente,pap,44,96.0,290000.0,4.0,2.0,3020.83,3458.32
Boulogne-sur-gesse,31350,Maison,vente,pap,31,200.0,285000.0,6.0,4.0,1425.0,2787.61
Taverny,95150,Maison,vente,orpi,95,99.0,285000.0,4.0,1.0,2878.79,3164.58
Juvisy-sur-orge,91260,Maison,vente,pap,91,60.0,279000.0,3.0,2.0,4650.0,3862.25
Ribérac,24600,Maison,vente,pap,24,235.0,277000.0,6.0,4.0,1178.72,2787.61
Larche,19600,Maison,vente,pap,19,124.0,275000.0,8.0,5.0,2217.74,3546.38
Noisy-le-sec,93130,Maison,vente,pap,93,106.0,269890.0,3.0,4.0,2546.13,3720.91
Yerres,91330,Maison,vente,orpi,91,58.0,269000.0,3.0,1.0,4637.93,3688.18
Poussan,34560,Maison,vente,orpi,34,85.0,265000.0,4.0,1.0,3117.65,3164.58
Moulins,57160,Maison,vente,orpi,57,140.0,259000.0,6.0,1.0,1850.0,3100.35
Tourcoing,59200,Maison,vente,orpi,59,160.0,249000.0,5.0,1.0,1556.25,3100.35
Audenge,33980,Maison,vente,orpi,33,65.0,243800.0,4.0,1.0,3750.77,3516.2
Tourcoing,59200,Maison,vente,orpi,59,114.0,239000.0,4.0,1.0,2096.49,3164.58
Elven,56250,Maison,vente,orpi,56,65.0,232100.0,3.0,1.0,3570.77,3516.2
Vitry,62490,Maison,vente,orpi,62,93.0,211090.0,3.0,1.0,2269.78,3164.58
Vidauban,83550,Maison,vente,pap,83,63.0,205000.0,3.0,2.0,3253.97,3809.94
Félines-minervois,34210,Maison,vente,pap,34,194.0,190000.0,6.0,4.0,979.38,2787.61
Tremblay,93290,Maison,vente,orpi,93,47.0,189000.0,2.0,1.0,4021.28,4241.03
Toulouse,31200,Maison,vente,orpi,31,72.0,181000.0,3.0,1.0,2513.89,3413.61
Saint-pé-de-bigorre,65270,Maison,vente,pap,65,172.0,178000.0,6.0,3.0,1034.88,2787.61
Dombasle,54110,Maison,vente,orpi,54,109.0,165000.0,4.0,1.0,1513.76,3164.58
Pont-de-l'arche,27340,Maison,vente,entreparticuliers,27,65.0,160000.0,3.0,1.0,2461.54,3809.94
Oléron,17190,Maison,vente,pap,17,40.0,153000.0,2.0,2.0,3825.0,4047.18
Le Moule,97160,Maison,vente,orpi,97,89.0,145000.0,4.0,1.0,1629.21,3164.58
Saint,63700,Maison,vente,orpi,63,112.0,120000.0,5.0,1.0,1071.43,2516.51
La Grand,30110,Maison,vente,orpi,30,71.0,115000.0,3.0,1.0,1619.72,3413.61
Castelnaudary,11400,Maison,vente,pap,11,50.0,89000.0,3.0,2.0,1780.0,3862.25
Randonnai,61190,Maison,vente,pap,61,75.0,70000.0,3.0,2.0,933.33,3458.32
Tanques,61150,Maison,vente,orpi,61,87.0,44000.0,3.0,1.0,505.75,3164.58
Paris,75017,Appartement,vente,pap,75,90.0,988000.0,4.0,2.0,10977.78,10380.67
Paris,75020,Appartement,vente,pap,75,105.0,890000.0,5.0,4.0,8476.19,10468.74
Paris,75015,Appartement,vente,pap,75,86.0,880000.0,4.0,3.0,10232.56,10468.74
Charenton,94220,Appartement,vente,orpi,94,93.0,799000.0,4.0,1.0,8591.4,4458.79
Paris,75012,Appartement,vente,pap,75,81.0,780000.0,4.0,3.0,9629.63,10468.74
Paris,75009,Appartement,vente,pap,75,58.0,765000.0,3.0,2.0,13189.66,10784.61
Paris,75001,Appartement,vente,entreparticuliers,75,68.0,750000.0,2.0,1.0,11029.41,10629.7
Paris,75012,Appartement,vente,pap,75,56.0,699000.0,3.0,2.0,12482.14,10784.61
Paris,75010,Appartement,vente,pap,75,93.0,695000.0,5.0,4.0,7473.12,10468.74
Paris,75010,Appartement,vente,pap,75,52.0,669000.0,2.0,1.0,12865.38,10784.61
Paris,75016,Appartement,vente,pap,75,49.0,663000.0,3.0,1.0,13530.61,10784.61
Paris,75001,Appartement,vente,entreparticuliers,75,55.0,648000.0,3.0,1.0,11781.82,11019.93
Paris,75017,Appartement,vente,pap,75,69.0,620000.0,3.0,2.0,8985.51,10629.7
Antibes,6600,Appartement,vente,pap,66,121.0,605000.0,5.0,2.0,5000.0,3458.32
Saint-mandé,94160,Appartement,vente,pap,94,61.0,600000.0,3.0,2.0,9836.07,5156.47
Garches,92380,Appartement,vente,pap,92,93.5,599000.0,4.0,3.0,6406.42,6296.37
Paris,75019,Appartement,vente,pap,75,90.0,599000.0,3.0,2.0,6655.56,10380.67
Paris,75009,Appartement,vente,pap,75,49.0,590000.0,2.0,2.0,12040.82,10784.61
Paris,75015,Appartement,vente,pap,75,82.0,580000.0,4.0,2.0,7073.17,10380.67
Paris,75011,Appartement,vente,pap,75,49.9,575000.0,3.0,2.0,11516.12,10784.61
Paris,75019,Appartement,vente,pap,75,77.0,568000.0,4.0,3.0,7376.62,10468.74
Bayonne,64100,Appartement,vente,pap,64,100.1,550000.0,3.0,2.0,5494.51,4417.23
Paris,75019,Appartement,vente,pap,75,68.2,545000.0,3.0,2.0,7991.2,10629.7
Paris,75012,Appartement,vente,pap,75,58.0,530000.0,3.0,2.0,9137.93,10784.61
Paris,75005,Appartement,vente,pap,75,43.0,530000.0,2.0,1.0,12325.58,10784.61
Saint-denis,93200,Appartement,vente,pap,93,127.0,529000.0,6.0,4.0,4165.35,3720.91
Bayeux,14400,Appartement,vente,entreparticuliers,14,208.0,520000.0,9.0,1.0,2500.0,2699.54
Vanves,92170,Appartement,vente,orpi,92,76.0,499000.0,3.0,1.0,6565.79,5914.57
Saint-paul,97400,Appartement,vente,pap,97,90.0,498000.0,4.0,3.0,5533.33,3760.39
Paris,75018,Appartement,vente,pap,75,52.0,490000.0,3.0,2.0,9423.08,10784.61
Saint-jean-de-luz,64500,Appartement,vente,pap,64,50.0,450000.0,3.0,1.0,9000.0,6376.04
Lyon,69005,Appartement,vente,pap,69,86.0,440000.0,4.0,3.0,5116.28,3861.86
Paris,75011,Appartement,vente,pap,75,41.0,439000.0,2.0,1.0,10707.32,10784.61
Paris,75014,Appartement,vente,pap,75,42.4,425000.0,2.0,1.0,10028.32,10784.61
Paris,75018,Appartement,vente,pap,75,50.0,420000.0,2.0,1.0,8400.0,10784.61
Paris,75020,Appartement,vente,pap,75,45.0,415000.0,2.0,1.0,9214.03,10784.61
Paris,75017,Appartement,vente,pap,75,39.0,399000.0,3.0,2.0,10230.77,10784.61
Paris,75013,Appartement,vente,pap,75,29.1,399000.0,1.0,1.0,13711.34,12281.53
Châtenay-malabry,92290,Appartement,vente,entreparticuliers,92,60.0,383000.0,3.0,1.0,6383.33,6847.57
Alfortville,94140,Appartement,vente,pap,94,57.0,375000.0,3.0,2.0,6578.95,5156.47
Paris,75011,Appartement,vente,pap,75,33.0,375000.0,1.0,1.0,11363.64,10784.61
Cagnes-sur-mer,6800,Appartement,vente,pap,68,62.0,370000.0,3.0,2.0,5967.74,3809.94
Biarritz,64200,Appartement,vente,pap,64,64.0,369000.0,3.0,2.0,5765.63,4398.22
Paris,75019,Appartement,vente,pap,75,38.0,360000.0,2.0,1.0,9473.68,10784.61
Paris,75014,Appartement,vente,pap,75,30.0,360000.0,1.0,1.0,12000.0,10784.61
Paris,75003,Appartement,vente,pap,75,32.0,359000.0,2.0,1.0,11218.75,10784.61
Saint-cloud,92210,Appartement,vente,pap,92,52.0,350000.0,2.0,1.0,6730.77,6612.25
Toulouse,31000,Appartement,vente,pap,31,90.0,340000.0,4.0,2.0,3777.78,3458.32
Châtillon,92320,Appartement,vente,pap,92,58.0,340000.0,3.0,2.0,5862.07,6612.25
Paris,75005,Appartement,vente,pap,75,34.3,340000.0,1.0,1.0,9912.54,10784.61
Villiers-sur-marne,94350,Appartement,vente,pap,94,89.0,339000.0,5.0,3.0,3808.99,4840.59
Paris,75015,Appartement,vente,pap,75,30.0,330000.0,2.0,1.0,11000.0,10784.61
Paris,75015,Appartement,vente,pap,75,42.0,320000.0,2.0,1.0,7619.05,10784.61
Châtenay-malabry,92290,Appartement,vente,pap,92,68.0,319000.0,3.0,2.0,4691.18,6457.34
Gif-sur-yvette,91190,Appartement,vente,entreparticuliers,91,69.0,315000.0,3.0,1.0,4565.22,3707.34
Puteaux,92800,Appartement,vente,pap,92,37.0,315000.0,2.0,1.0,8513.51,8814.13
Chambéry,73000,Appartement,vente,entreparticuliers,73,85.0,299000.0,4.0,1.0,3517.65,3458.32
Bures-sur-yvette,91440,Appartement,vente,pap,91,80.0,299000.0,5.0,3.0,3737.5,3546.38
Marseille,13001,Appartement,vente,entreparticuliers,13,62.0,298000.0,3.0,1.0,4806.45,4016.58
Paris,75014,Appartement,vente,pap,75,26.0,295000.0,1.0,1.0,11346.15,12281.53
Paris,75019,Appartement,vente,pap,75,36.0,290000.0,1.0,1.0,8055.56,10784.61
Strasbourg,67000,Appartement,vente,orpi,67,70.0,289900.0,3.0,1.0,4141.43,3413.61
Reims,51100,Appartement,vente,orpi,51,128.0,280000.0,6.0,1.0,2187.5,2867.27
Paris,75011,Appartement,vente,pap,75,20.3,270000.0,2.0,1.0,13293.94,12281.53
Ostwald,67540,Appartement,vente,orpi,67,65.0,269000.0,3.0,1.0,4138.46,3516.2
Issy-les-moulineaux,92130,Appartement,vente,pap,92,31.0,260000.0,2.0,1.0,8387.1,8814.13
Paris,75015,Appartement,vente,pap,75,21.8,250000.0,1.0,1.0,11467.89,12281.53
Haÿ-les-roses,94240,Appartement,vente,pap,94,67.0,240000.0,3.0,2.0,3582.09,5001.56
Massy,91300,Appartement,vente,pap,91,60.0,239000.0,3.0,2.0,3983.33,3862.25
Cabourg,14390,Appartement,vente,orpi,14,43.0,239000.0,2.0,1.0,5558.14,4066.5
Saint-leu,97436,Appartement,vente,pap,97,39.0,230000.0,1.0,1.0,5897.44,4076.26
Choisy-le-roi,94600,Appartement,vente,pap,94,68.0,229000.0,3.0,2.0,3367.65,5001.56
Lyon,69006,Appartement,vente,pap,69,51.0,229000.0,2.0,1.0,4490.2,3857.41
Paris,75012,Appartement,vente,pap,75,22.7,225000.0,1.0,1.0,9911.89,12281.53
Vienne,38200,Appartement,vente,pap,38,100.0,220000.0,5.0,3.0,2200.0,3053.85
Marseille,13009,Appartement,vente,pap,13,54.0,215000.0,3.0,2.0,3981.48,4068.9
Paris,75009,Appartement,vente,pap,75,11.0,215000.0,1.0,1.0,19545.45,12281.53
Pontoise,95000,Appartement,vente,pap,95,81.0,209000.0,4.0,3.0,2580.25,3546.38
Saint-paul,97400,Appartement,vente,pap,97,31.0,205000.0,1.0,1.0,6612.9,4076.26
Bondy,93140,Appartement,vente,pap,93,73.0,199000.0,3.0,2.0,2726.03,3632.85
Choisy,94600,Appartement,vente, une cuisine semi-ouverte moderne et équipée,94,61.0,199000.0,3.0,1.0,3262.3,5156.47
Lille,59000,Appartement,vente,orpi,59,50.0,199000.0,2.0,1.0,3980.0,3688.18
Sospel,6380,Appartement,vente,entreparticuliers,63,96.0,197000.0,4.0,1.0,2052.08,2810.25
Saint,66750,Appartement,vente,orpi,66,48.0,195000.0,3.0,1.0,4062.5,3688.18
Meulan-en-yvelines,78250,Appartement,vente,pap,78,69.0,189000.0,4.0,2.0,2739.13,3843.29
Strasbourg,67000,Appartement,vente,orpi,67,48.0,189000.0,3.0,1.0,3937.5,3688.18
Dax,40100,Appartement,vente,entreparticuliers,40,62.0,186000.0,3.0,1.0,3000.0,3809.94
Marseille,13004,Appartement,vente,pap,13,42.0,185000.0,2.0,1.0,4404.76,4068.9
Palavas,34250,Appartement,vente,orpi,34,29.0,184000.0,2.0,1.0,6344.83,4066.5
Paris,75017,Appartement,vente,pap,75,15.0,180000.0,1.0,1.0,12000.0,12281.53
La Verpillière,38290,Appartement,vente,orpi,38,76.0,178900.0,4.0,1.0,2353.95,2672.05
Saint,83700,Appartement,vente,orpi,83,66.0,165000.0,4.0,1.0,2500.0,3413.61
Paris,75019,Appartement,vente,pap,75,17.0,165000.0,1.0,1.0,9705.88,12281.53
Chartres,28000,Appartement,vente,pap,28,57.0,163000.0,2.0,1.0,2859.65,3862.25
Orléans,45000,Appartement,vente,pap,45,67.0,160000.0,3.0,2.0,2388.06,3473.87
Caen,14000,Appartement,vente,entreparticuliers,14,32.0,160000.0,2.0,1.0,5000.0,4097.58
Barcarès,66420,Appartement,vente,pap,66,50.0,157000.0,3.0,2.0,3140.0,3862.25
Grenoble,38000,Appartement,vente,entreparticuliers,38,77.0,155000.0,3.0,1.0,2012.99,2965.79
Cergy,95000,Appartement,vente,pap,95,39.5,145000.0,1.0,1.0,3670.89,3862.25
Aubergenville,78410,Appartement,vente, à la limite de la campagne et de la ville,78,63.0,139000.0,3.0,2.0,2206.35,3486.75
Possession,97419,Appartement,vente,pap,97,40.2,135000.0,2.0,1.0,3358.21,4076.26
Marseille,13005,Appartement,vente,pap,13,32.0,135000.0,1.0,1.0,4218.75,4068.9
Paris,75010,Appartement,vente,pap,75,12.5,135000.0,1.0,1.0,10800.0,12281.53
Bourg-de-péage,26300,Appartement,vente,entreparticuliers,26,72.0,131000.0,4.0,1.0,1819.44,3707.34
Mende,48000,Appartement,vente,orpi,48,66.0,130000.0,4.0,1.0,1969.7,3413.61
Trilbardou,77450,Appartement,vente,pap,77,38.5,129500.0,2.0,1.0,3363.64,3862.25
Saint-gratien,95210,Appartement,vente,pap,95,23.5,128000.0,2.0,1.0,5446.81,3862.25
Grenoble,38000,Appartement,vente,entreparticuliers,38,75.0,125000.0,3.0,1.0,1666.67,2965.79
Courdimanche,95800,Appartement,vente,orpi,95,28.0,125000.0,1.0,1.0,4464.29,4066.5
Canet-en-roussillon,66140,Appartement,vente,pap,66,22.9,125000.0,1.0,1.0,5449.0,3862.25
Conflans-sainte-honorine,78700,Appartement,vente,pap,78,31.0,110000.0,1.0,1.0,3548.39,3998.2
Châteaurenard,13160,Appartement,vente,entreparticuliers,13,44.0,107900.0,2.0,1.0,2452.27,4304.23
Vienne,38200,Appartement,vente,orpi,38,28.0,85000.0,2.0,1.0,3035.71,3573.97
Dax,40100,Appartement,vente,orpi,40,25.0,82500.0,1.0,1.0,3300.0,4066.5
Argentan,61200,Appartement,vente,orpi,61,37.0,82400.0,2.0,1.0,2227.03,4066.5
Reims,51100,Appartement,vente,entreparticuliers,51,40.0,79920.0,2.0,1.0,1998.0,3680.29
