"prix";"ville";"nb_pieces";"surface";"type_bien";"type_logement";"description"
"730";"Toulouse";"";"";"Logement en résidence";"Logement en résidence";"Annonce à la une 360° Promotion en cours Logement en résidence Sweetly I Art à partir de 730€ cc / mois Gradignan (33170) Meublé - Parking - Salle de sport - Cafétéria NOTRE RESIDENCE PROPOSE DES LOYERS TOUTES CHARGES COMPRISES AVEC ASSURANCE HABITATION 

La résidence coliving I-Art propose des hébergements entièrement meublées dans la ville dynamique et conviviale de Gradignan. Idéale pour les étudiants en fin de cursus universitaire et les jeunes actifs, la résidence est connectée et propose de nombreux services favorisant les échanges entre résidents. Disponible immédiatement 360° Promotion en cours Logement en résidence Sweetly L’Alexandrin à partir de 690€ cc / mois Toulouse (31100) Meublé - Parking - Salle de sport - Cafétéria La Résidence l’Alexandrin est une résidence para-hotelière qui se situe à Toulouse face à l’hippodrome de la Cêpière et au cœur des universités.
Sa localisation idéale permet de bénéficier de nombreux atouts : le métro ligne A « Arènes », le tramway à proximité ainsi que les différentes lignes de bus, vous permettent d’accéder en quelques minutes au centre-ville ou à l’université la plus proche. 
Pour favoriser l’échange et la convivialité entre ses résidents, la résidence dispose de plusieurs espaces communs : espace de coworking et de coliving, salle de fitness, laverie, Sweet manager présent 7j/7j, espace vert avec jardin potager partagé et bien d’autres ! 
Entièrement sécurisée, la résidence propose des logements modernes meublés et équipés pour répondre aux attentes des étudiants mais aussi des jeunes actifs. 
L’ensemble des charges sont comprises dans le montant du loyer : internet, eau chaude et électricité vous facilitant ainsi votre emménagement.
La résidence est soumise à la taxe de séjour. Disponible immédiatement"
"690";"Toulouse";"";"";"Logement en résidence";"Logement en résidence";"360° Promotion en cours Logement en résidence Sweetly L’Alexandrin à partir de 690€ cc / mois Toulouse (31100) Meublé - Parking - Salle de sport - Cafétéria La Résidence l’Alexandrin est une résidence para-hotelière qui se situe à Toulouse face à l’hippodrome de la Cêpière et au cœur des universités.
Sa localisation idéale permet de bénéficier de nombreux atouts : le métro ligne A « Arènes », le tramway à proximité ainsi que les différentes lignes de bus, vous permettent d’accéder en quelques minutes au centre-ville ou à l’université la plus proche. 
Pour favoriser l’échange et la convivialité entre ses résidents, la résidence dispose de plusieurs espaces communs : espace de coworking et de coliving, salle de fitness, laverie, Sweet manager présent 7j/7j, espace vert avec jardin potager partagé et bien d’autres ! 
Entièrement sécurisée, la résidence propose des logements modernes meublés et équipés pour répondre aux attentes des étudiants mais aussi des jeunes actifs. 
L’ensemble des charges sont comprises dans le montant du loyer : internet, eau chaude et électricité vous facilitant ainsi votre emménagement.
La résidence est soumise à la taxe de séjour. Disponible immédiatement"
"500";"Nantes";"15.0";"";"Colocation";"Colocation";"Pro 360° Réservable à la chambre Colocation 🌟 Bienvenue dans notre coliving ""Pageot"" à Nantes! 🏡 à partir de 500€ cc / mois Nantes (44000) 430m² - 15 chambres - Meublé - Parking À la recherche d'un espace de vie spacieux, confortable et convivial? Ne cherchez pas plus loin! Les travaux viennent de se terminer dans notre grande maison de 15 chambres avec jardin, et superbement meublée. Elle vous offre une expérience de colocation unique aux portes du centre ville et du parc de Procé.

🌳 Située à proximité immédiate du parc de Procé, notre maison offre une tranquillité incomparable tout en restant proche du centre-ville de Nantes et des facultés avec un accès direct en bus.

Espaces communs
-Cuisine entièrement équipée pour préparer vos repas favoris.
-Salon chaleureux pour vous détendre.
-Salle à manger spacieuse pour partager des repas conviviaux.
-Buanderie avec machines à laver et sèche-linges pour faciliter votre quotidien.
-Grand jardin en plein centre-ville pour vous relaxer avec table de ping-pong.

Services inclus dans le prix
-Électricité, chauffage, eau
-Internet haut débit (fibre)
-Ménage des parties communes une fois par semaine
-Assurance habitation et responsabilité civile pour une tranquillité d'esprit totale

Chambre à partir de 335 Eur + 90 Eur de charges incluant eau, électricité, chauffage, ménage des parties communes, assurance habitation, Netflix, wifi fibre.

N'attendez plus, faites de cette maison votre chez-vous et vivez une expérience de colocation exceptionnelle à Nantes ! 

Dépôt de garantie : un mois de loyer Hors charges 
Frais de dossier en complément des frais de Studapart : 1/2 mois de loyer charges comprises
. Disponible immédiatement"
"480";"Nantes";"11.0";"";"Colocation";"Colocation";"Pro 360° Réservable à la chambre Colocation 🌟 Rejoignez RAYYA ! Chambre Dispo en Coliving à Nantes – 🌟 à partir de 480€ cc / mois Nantes (44300) 300m² - 11 chambres - Meublé Bienvenue chez RAYYA, un espace de coliving exceptionnel de 300m², idéalement situé à Nantes, prêt à vous offrir une expérience de vie communautaire unique et enrichissante.
Votre nouveau chez-vous :
• des chambres spacieuses et lumineuses, prêtes à accueillir de nouveaux colocataires. Profitez-en, quelques-unes sont disponibles !
• Espaces communs conçus pour la convivialité et le confort.
Emplacement idéal :
• Transports publics à deux pas :
• Tram 2 – le Cardo | 3 min à pied 🚊
• Bus C2, 50, 89 – le Cardo | 3 min à pied 🚍
• Commodités de quartier :
• Boulangerie | 2 min à pied 🥖
• Supermarché | 2 min à pied 🛒
Équipements du coliving :
• Séjour pour des moments partagés inoubliables.
• Salle à manger pour des repas en communauté.
• Cuisine entièrement équipée, prête à inspirer vos talents culinaires.
• Buanderie facilitant votre quotidien.
• Jardin parfait pour se détendre et profiter des beaux jours.
 
Vivre à RAYYA, c'est bénéficier d'un cadre de vie agréable et dynamique, où chaque jour est une nouvelle occasion de rencontres et de découvertes. Ne manquez pas cette opportunité unique de rejoindre notre communauté accueillante et soudée.
Contactez-nous dès maintenant pour plus d'informations 
RAYYA vous attend avec impatience. Soyez prêt à vivre une expérience coliving exceptionnelle à Nantes !
Chambre à partir de 270 Eur + 90 Eur (promo pendant 3 mois, puis 470 Eur + 90 Eur) de charges incluant eau, électricité, chauffage, ménage des parties communes, assurance habitation, Netflix, wifi fibre.
N'attendez plus, faites de cette maison votre chez-vous et vivez une expérience de colocation exceptionnelle à Nantes ! 
Dépôt de garantie : un mois de loyer Hors charges 
Frais de dossier en complément des frais de Studapart : 1/2 mois de loyer charges comprises
. Disponible immédiatement"
"670";"Lille";"7.0";"150.0";"Colocation";"Colocation";"Pro 360° Réservable à la chambre Colocation QUARTIER VAUBAN ESQUERMES – CoLiving de 7 chambres à partir de 670€ cc / mois Lille (59000) 150m² - 7 chambres - Meublé - Parking - Salle de bain privée Situé en plein quartier VAUBAN ESQUERMES à proximité des écoles (ICAM, Université catholique, etc…), des commerces et des transports, dans une maison de 150 m2 avec cour intérieure, nous vous proposons 1 chambre de 15m² avec salle de bain privative.

Vous bénéficiez des espaces partagés de 34 m2 disposant d’une cuisine entièrement équipée : micro-onde, four, plaques de cuisson, cafetière, frigo, etc…
Une salle à manger / salon avec TV
Un accès à la machine à laver et sèche-linge.
Loyer tout inclus : eau, électricité, chauffage, internet, entretien.

Dépôt de garantie : un mois de loyer Hors charges 
Frais de dossier en complément des frais de Studapart : 1/2 mois de loyer charges comprises
. Disponible immédiatement"
"655";"Nantes";"";"";"Logement en résidence";"Logement en résidence";"360° Logement en résidence Twenty Campus Nantes à partir de 655€ cc / mois Nantes (44300) Meublé - Parking - Salle de bain privée - Salle de sport - Cafétéria Idéalement située au cœur de la ville, la résidence est au pied du tramway
arrêt &quot;Morrhonnière Petit Port&quot; (ligne de tram n°2), et à proximité immédiate des facultés et
universités, et de l’école de commerce Audencia. Tu Trouveras tout ce qu’il te faut autour de
la résidence : transports, écoles, universités, commerces !

La résidence étudiante Twenty Campus NANTES vous offre un nouveau cadre de vie pour cette rentrée
	
Du studio au T2 meublé avec kitchenette équipée, frigo, micro ondes, plaques électriques, comprenant lit, rangements, table, bureau, chaise, salle de douche privative avec WC, Kit vaisselle, Kit ménage.

De nombreux services compris dans le loyer:
- Internet illimité
- la salle de sport,
- Petit déjeuner du lundi au vendredi
- Ménage du logement 2 fois par mois
- Salle détente (billard, Tv, distributeurs)
- La salle de musique,
- Local à vélos
- Présence quotidienne d'un régisseur sur place
Laverie sur place 

Les charges comprennent: L’eau froide, l’entretien des parties communes, ascenseur, l’entretien des espaces verts, régisseur.

Possibilité location parking : 10€/ mois Disponible immédiatement"
"710";"Lyon";"";"";"Logement en résidence";"Logement en résidence";"360° Logement en résidence UXCO Oxygène à partir de 710€ cc / mois Lyon (69007) Meublé - Salle de sport Pour plus d'informations sur cette résidence, un standard téléphonique vous est mis à disposition : + 33 7 57 93 40 65 

La résidence UXCO Oxygène est située en plein cœur de Lyon dans un quartier dynamique à deux pas de la place Bellecour et de ses commerces. Très bien desservie par les transports en commun, proche des universités et des écoles supérieures elle est une valeur sûre si tu souhaites mener une vie universitaire active et sereine.  

Oxygène propose 88 apparts de type studio et T2. Meublés et aménagés avec style, ils disposent tous d’un coin bureau avec TV écran plat, d’une kitchenette équipée, d’une salle de bain privative et d’un lit avec kit linge à disposition. 

Entièrement imaginée pour offrir aux étudiants des conditions de vie et de travail optimales, elle dispose d’une gamme complète de services et avantages tels que la connexion Wifi illimitée dans chaque logement, l’accès gratuit à la fitness zone, une laverie automatique avec sèche-linge, parking privé… 

Il ne te reste plus qu’à poser tes valises, bienvenue chez toi ! Disponible immédiatement"
"820";"Toulouse";"9.0";"";"Logement en résidence";"Logement en résidence";"Logement en résidence Résidence Serenly Toulouse Bonnefoy à partir de 820€ cc / mois Toulouse (31200) 9 chambres - Meublé - Parking - Salle de sport La résidence Serenly Toulouse se situe dans le quartier Bonnefoy à seulement quelques minutes du centre-ville de Toulouse. Il s'agit d'une résidence sénior situé dans un quartier agréable à vivre avec toutes les commodités à proximité. Les espaces communs extérieurs aménagés et végétalisés favorisent la détente et le rapport à la nature avec le boulodrome, les jardins potagers partagés et les espaces verts arborés. Les logements sont composés d'une cuisine entièrement équipée, d'un salon composé d'une table, fauteuil et meuble tv, la partie chambre est équipée d'un lit double. Disponible immédiatement"
"640";"Marseille";"";"";"Logement en résidence";"Logement en résidence";"Logement en résidence Twenty Campus Marseille Canada à partir de 640€ cc / mois Marseille (13010) Meublé - Salle de sport Bienvenue à Twenty Campus Marseille Canada, une résidence étudiante moderne et conviviale située au cœur de la cité phocéenne. Que vous soyez à la recherche d’un logement étudiant à Marseille, d’une résidence proche de la faculté de médecine, ou simplement d’un cadre agréable pour poursuivre vos études, notre résidence vous offre bien plus qu’un simple toit. 
Nous proposons une large gamme de logements étudiants meublés : studios fonctionnels ou appartements T2 spacieux, tous équipés pour allier confort, praticité et sérénité. Chaque appartement étudiant est optimisé pour favoriser la concentration, le repos et l’autonomie. Vous disposez d’un coin nuit confortable, d’une cuisine équipée, d’un espace bureau, de rangements astucieux et d’une salle d’eau privative. Disponible immédiatement"
"760";"Paris";"5.0";"";"Logement en résidence";"Logement en résidence";"360° Logement en résidence Kley Créteil à partir de 760€ cc / mois Créteil (94000) 5 chambres - Meublé - Parking - Salle de sport - Cafétéria Idéalement située à Créteil, la résidence Kley Créteil bénéficie d’un réseau de transports performant avec un accès facile à Paris via le RER D à moins de 8min à pied de la résidence, via le métro ligne 8, et de nombreuses lignes de bus. À deux pas des écoles, universités (UPEC, écoles de commerce et d’ingénieurs, instituts paramédicaux) et du centre commercial Créteil Soleil, elle offre un cadre de vie connecté, pratique et stimulant.

Kley Paris-Créteil, c’est une nouvelle manière de vivre la vie étudiante : un coliving moderne avec plus de 500 m² d’espaces intérieurs et extérieurs conçus pour tous les goûts et toutes les envies. Cinéma, patio, baby-foot, coin lounge, cuisine, salle de sport, terrasse ensoleillée… chaque espace invite à la détente, à la rencontre et au partage.
L’équipe sur place propose une grande diversité de logements meublés, du studio individuel, comme des logements plus spacieux de 18 à 29,5 m², pour répondre aux besoins.

Les T5 et T6 en colocation séduisent par leurs espaces communs (terrasse, salon, cuisine collective) tout en garantissant l’intimité de chacun grâce à une chambre et une salle de bains privative.
Chaque logement est neuf et tout équipé, avec une isolation phonique de haute qualité et de grandes fenêtres favorisant la lumière naturelle : un cadre de vie propice au travail, à la détente et au bien-être. Disponible immédiatement"
"499";"Lille";"";"";"Logement en résidence";"Logement en résidence";"Logement en résidence Twenty Campus Roubaix E-camp à partir de 499€ cc / mois Roubaix (59100) Meublé - Parking - Salle de sport - Cafétéria Pour plus d'information sur cette résidence, un standard téléphonique vous est mis à disposition : + 33 7 57 93 40 65

Découvrez la résidence étudiante Twenty Campus Roubaix e-Camp, un lieu moderne au bord du canal, idéal pour les étudiants et passionnés d’e-sport et de numérique. 

Nous proposons des studios, T2 et chambres en colocation adaptés à tous les budgets, avec un parking sécurisé disponible pour les étudiants possédant un véhicule. Votre loyer inclut de nombreux services : salle de sport, salle de learning, salle de musique, et un petit-déjeuner servi du lundi au vendredi pour bien commencer la journée. À seulement 15 minutes de Lille, la résidence est idéalement située près des transports en commun, des écoles comme Piktura et ArtFX, ainsi que des commerces et restaurants. Un cadre de vie parfait pour allier études, loisirs et vie sociale. 

Réservez dès maintenant ! Disponible immédiatement"
"554";"Nantes";"2.0";"";"Logement en résidence";"Logement en résidence";"Logement en résidence Univea La Sensive Nantes à partir de 554€ cc / mois Nantes (44300) Meublé - Parking - Salle de sport La résidence UNIVEA LA SENSIVE est un ensemble de 195 appartements meublés, allant du studio au 2 pièces, avec kitchenette et salle de bain équipées, et même, pour certains, avec balcon.

La résidence est située dans un cadre verdoyant, proche des grandes écoles et du campus universitaire. Les commerces et le complexe du petit port (piscine, patinoire, bowling, billard) sont à 5 minutes ! Disponible immédiatement"
"720";"Paris";"";"";"Studio";"Studio";"Promotion en cours Logement en résidence Good Morning Créteil à partir de 720€ cc / mois Créteil (94000) Meublé 🏡  À 2min du métro Créteil Préfecture (ligne 8) et Créteil Soleil, vous profitez d’un accès rapide à Paris tout en étant à proximité immédiate des commerces, universités et services, venez découvrir la résidence Good Morning Créteil – Nomad Campus, pensée pour répondre aux besoins des étudiants et jeunes actifs.


📍 Emplacement privilégié
À seulement 2 minutes du métro Créteil Préfecture (ligne 8), vous profitez d’un accès rapide à Paris tout en étant à proximité immédiate des commerces, universités et services.

🛋️ Logements disponibles

Studios meublés et équipés
Appartements T2
Possibilité de colocation jusqu’au T5

✨ Des appartements prêts à vivre
Chaque logement est entièrement meublé pour faciliter votre quotidien :

Coin cuisine équipé : rangements, table de repas, plaques vitrocéramiques, micro-ondes, réfrigérateur, vaisselle et ustensiles inclus
Coin séjour : bureau et espaces de rangement
Coin nuit : lit (90x200 ou 120x200 selon logement) et table de chevet
Salle de bain privative : douche, vasque, meuble sous-vasque et WC

🌐 Services inclus

Connexion internet gratuite (wifi ou filaire)
Charges incluses
Résidence sécurisée

🌟 Espaces et services premium

Salle de sport 🏋️
Rooftop aménagé 🌇
Cuisine partagée 🍽️
Salle cinéma 🎬
Le Wash Bar, aménagé avec des lave-linges et des sèche-linges¹ connectés, est accessible 24h/24 et 7j/7.

🚇 Les + de la résidence

Métro à 2 minutes à pied
Logements fonctionnels et modernes
Idéal pour étudiants et jeunes actifs
Possibilité de colocation conviviale Disponible immédiatement"
"720";"";"";"";"Logement en résidence";"Logement en résidence";"Logement en résidence Good Morning Créteil à partir de 720€ cc / mois"
"1248";"Paris";"";"";"Logement en résidence";"Logement en résidence";"360° Promotion en cours Logement en résidence Canvas Puteaux La Défense à partir de 1248€ cc 1469€ / mois Puteaux (92800) Meublé - Parking - Salle de sport Appartements all-inclusive, coliving moderne et chaleureux, espaces communs spacieux et exceptionnels, événements toute l'année : Canvas est l’endroit idéal pour rejoindre une communauté internationale et dynamique.

Nos logements neufs, entièrement meublés et équipés, sont situés à proximité des principaux pôles d'activité, de nombreuses écoles, des transports en commun, et à quelques pas du cœur de Paris.

Pourquoi choisir Canvas ?

Appartements de grand standing à deux pas du cœur de Paris
Soyez parmi les premiers à profiter de nos 644 studios et appartements haut de gamme, entièrement meublés, toutes charges incluses (eau, wifi, électricité et Wifi haut débit ), aux vues imprenables sur Paris, la tour Eiffel ou notre jardin.

Espaces communs et services haut de gamme
Bénéficiez d'équipements exclusifs tels qu'une salle de sport high-tech, un rooftop au 11ème et dernier étage avec une vue dégagée exceptionnelle, de vastes espaces de coworking, ainsi que des espaces de détente et de loisirs. Profitez aussi d'un parking sécurisé. Détendez-vous dans notre salle de musique, salle de cinéma, salle de jeux, salle de yoga, ainsi que sur notre terrasse et dans notre jardin privé. La résidence Canvas dispose également d'un parking privé et sécurisé.

Loyer all-inclusive
Sont inclus dans le loyer, l'eau, le chauffage, l'électricité et un accès Internet haut débit, le tout dans des appartements entièrement meublés dotés de mobiliers et équipement modernes, design et fonctionnels. Il n'y a plus qu'à poser vos valises et commencer à profiter de votre nouvelle vie chez Canvas.

Networking et communauté internationale
Canvas vous permettra de bénéficier de la convivialité et de la dynamique d'une résidence avec des étudiants et jeunes actifs du monde entier. De nombreux événements sont organisés tout au long de l'année dans les différents espaces de coliving.

Connectivité à Paris et au-delà
Canvas La Défense est situé à quelques pas des quartiers centraux de Paris, à seulement 6 minutes à pied du quartier d'affaires de La Défense, idéal pour votre carrière, et à proximité de grandes écoles telles que l'Université Paris Nanterre et l'ESSEC Business School. Il offre d'excellentes connexions avec les transports en commun, y compris la ligne 1 du métro, le RER A, les bus et la ligne T2 du tramway, avec un accès rapide au centre de Paris.

Service d'accueil impeccable
Notre équipe d'accueil dédiée est disponible pour répondre à toutes vos attentes et assure une sécurité 24h/24, 7j/7. Utilisez notre application pour gérer tous vos besoins dans la résidence, réserver des salles ou encore suivre l'actualité de la communauté Canvas La Défense.

Bien plus qu'un simple lieu de vie, c'est ici que commence votre aventure parisienne ! Disponible immédiatement"
"730";"Nice";"";"";"Logement en résidence";"Logement en résidence";"Logement en résidence Twenty Campus Nice La Joia à partir de 730€ cc / mois Nice (06200) Meublé - Salle de sport - Cafétéria Notre nouvelle résidence étudiante Twenty Campus Nice Joia vous propose des logements neufs meublés et équipés allant du studio au T2.
Idéalement située à proximité des écoles du Sud de Nice
A 10 min à pied : 42 NICE, ISCOM, ISART,  Université Côte d'Azur, ESOL Nice BTS, Lycée de la Providence
A 10 à 20 min à pied : Institut Supérieur International de Management (ISIM), Lycée Thierry Maunier
A 10 à 20 min en transport : ISEG, EBM Buisness school, EDHEC, Ecole nationale TUNON, Lycée Paul Augier, PIGIER, UFR Sciences et Techniques des Activités Physiques et Sportives.
Facilement accessible depuis la gare SNCF St Augustin (15 min à pied) et de l'aéroport de Nice : (11 min via L3). la résidence est au pied des lignes 2 et 3 du Tramway à l'arrêt “Méridia”. Disponible immédiatement"
"665";"Lille";"";"";"Logement en résidence";"Logement en résidence";"360° Logement en résidence Twenty Campus Villeneuve D'ascq Olympium à partir de 665€ cc / mois Villeneuve-d'ascq (59650) Meublé - Parking - Salle de sport Pour plus d'information sur cette résidence, un standard téléphonique vous est mis à disposition : + 33 7 57 93 40 65

Découvrez notre résidence étudiante Twenty Campus Villeneuve d’Ascq Olympium, qui vient se nicher à la croisée de 3 lacs. Idéalement située, vous vous trouverez à proximité immédiate du Stadium Lille Métropole et du Parc du Héron – un véritable havre de paix naturel. Au pied de la résidence, vous pourrez emprunter le bus lignes 6 et 32 à l’arrêt « Stadium ». Le métro 1 arrêt « Pont de Bois » se situera à 14 minutes à pied.

Sécurisée, contemporaine et toute neuve, la résidence est dotée d'un mobilier design, d'une salle de sport, d'un potager collectif, d'un boulodrome, d'espaces communs aménagés pour te permettre de te détendre avec les autres résidents !

Nous vous proposons des logements allant du studio au T2 Premium. Disponible immédiatement"
"390";"";"2.0";"";"Logement en résidence";"Logement en résidence";"360° Logement en résidence UXCO Station 59 à partir de 390€ cc / mois Villeneuve-d'ascq (59650) 2 chambres - Meublé - Parking - Salle de sport - Cafétéria Découvre bien plus qu'un simple logement avec UXCO Student ! Nous t'invitons à plonger dans une expérience de vie étudiante unique. Chaque détail de notre résidence est pensé pour offrir une expérience mémorable aux étudiants, avec des espaces de coworking et de coliving favorisant les rencontres et les échanges entre Colivers. Profite d'une salle commune conviviale équipée d’une TV avec une console de jeux, des zones de détente, une grande cuisine commune équipée, des espaces de coworking, un babyfoot, une salle de sport, terrasses végétalisées et bien plus encore ! Disponible immédiatement"
"618";"";"";"";"Logement en résidence";"Logement en résidence";"360° Logement en résidence Studently Racine² à partir de 618€ cc / mois Villenave-d'ornon (33140) Meublé - Salle de sport - Cafétéria Vivez l’expérience Studently ! Notre toute nouvelle résidence Studently Racine² possède de
nombreux atouts : Salle de fitness, laverie, épicerie, espaces coliving, coworking, espaces détente
ainsi qu'un espace commun paysager.
La sécurité est notre priorité, c'est pourquoi notre résidence est équipée d'un système d'accès par
badge et interphonie
Profitez de nos appartements modernes allant de 14.5 à 26m², avec une pièce de vie, une
kitchenette équipée, ainsi qu'une salle d'eau avec douche et sanitaire.
Cette résidence est idéalement située au cœur de Villenave-d’Ornon, à proximité des commerces et
des transports en commun, vous pourrez facilement vous déplacer pour rejoindre les universités et
écoles supérieures. Disponible en juin 2026"
"405";"Nantes";"";"";"Logement en résidence";"Logement en résidence";"Logement en résidence UXCO Pixel Nantes à partir de 405€ cc / mois Nantes (44300) Meublé - Parking - Salle de sport À proximité du Centre Hospitalier Universitaire Vétérinaire, de l’Ecole Nationale Supérieure Mines ou encore de l’Ecole de Design, la résidence propose 189 appartements dont 149 studios, 31 T1 et 9 T2 entièrement meublés, équipés et décorés avec soin. La résidence est également très bien desservie par les transports en commun puisqu’un arrêt de bus (75 – arrêt Ecole vétérinaire - direction Charbonneau) se trouve à seulement 5 minutes à pied.. 

Bien plus qu'un appartement, UXCO te promet une expérience unique au sein de sa résidence. Entièrement pensée et conçue pour répondre aux nouveaux besoins des étudiants, elle propose des logements meublés et équipés disposant tous d’un coin cuisine, d’un coin nuit et d’une salle d’eau privative. La résidence inclut également une gamme complète de services pour simplifier ton quotidien : laverie automatique connectée, parking privé sécurisé, local à vélo, espace fitness, espace coworking etc. Une connexion en wifi très haut débit est également disponible dans les logements et les parties communes, idéal pour suivre les cours à distance facilement !

Enfin, une salle commune est disponible au rez-de-chaussée, pour faciliter la rencontre avec les autres étudiants de la résidence. Elle comprend une cuisine partagée 100% équipée, un espace détente avec un canapé un TV et un baby-foot, un espace de coworking et une terrasse partagée avec une zone chill. Cool non ? Découvre juste après l’ensemble des avantages de la résidence et les logements disponibles. Disponible immédiatement"
"593";"Toulouse";"";"";"Logement en résidence";"Logement en résidence";"Logement en résidence Sweetly Liberty à partir de 593€ cc / mois Toulouse (31200) Meublé - Parking - Salle de sport La résidence de coliving Liberty est une résidence récente qui se situe à Toulouse. Elle est composée d’hébergements T1 et T1 bis entièrement connectés.

Les résidents pourront profiter de plusieurs espaces communs animés par le Sweet manager : salle de sport, espace de coworking, espace détente avec TV et bornes d’arcade…

Située à deux pas seulement de la ligne B du métro, les résidents pourront profiter d’un emplacement idéal. Proche du quartier Borderouge, elle profite de toutes ses commodités, que ce soit en terme de commerces, de restaurants ou de zones de culture et de loisirs (parc de la Maourine, cinéma Utopia, salle de concerts du Métronum…). Disponible immédiatement"
"390";"Montpellier";"";"";"Logement en résidence";"Logement en résidence";"360° Logement en résidence UXCO Kabane à partir de 390€ cc / mois Lattes (34970) Meublé - Parking - Salle de sport Résidence hybride entièrement neuve au sud de Montpellier, Kabane t’invite à vivre une véritable expérience.  

Kabane propose 131 appartements, du studio à la chambre privée en coliving. Chaque logement est loué entièrement meublé, avec une cuisine équipée (frigo, plaque vitrocéramique, micro-ondes, hotte et rangements) et un coin salon, un coin nuit, un coin bureau avec de nombreux rangements, et une salle de bain indépendante. Les appartements sont tous lumineux, modernes et décorés avec soin. Disponible immédiatement"
"713";"";"";"";"Logement en résidence";"Logement en résidence";"360° Logement en résidence Studently Campus Ricci à partir de 713€ cc / mois Villenave-d'ornon (33140) Meublé - Parking - Salle de sport Profitez d'une résidence récente et de son confort ! A proximité de différentes zones d'activités, les résidents du campus Ricci apprécieront le dynamisme de leur quartier. En effet, ils auront la possibilité de rejoindre des commerces, restaurants et supermarché, notamment avec l'arrêt de bus situé à proximité de la résidence ou le tramway à 1KM. Certaines écoles et instituts se trouvent à quelques minutes à pied de la résidence et beaucoup de formations universitaires sont basées sur le campus de Talence-Pessac Gradignan, à moins de 3 km. Autour de cet environnement animé, convivial et propice au travail se trouvent toutes les commodités nécessaires au quotidien. Quant au centre commercial Rives d'Arcins, il se situe à l'est du Campus Ricci soit à 8 minutes en voiture seulement. Pour la plus grande satisfaction des jeunes. Il propose une multitude de boutiques de loisirs. Des animations et bien d'autres seront organisé au sein de votre résidence , ambiance joviale et chaleureuse ! Disponible immédiatement"
"795";"Bordeaux";"";"";"Logement en résidence";"Logement en résidence";"Promotion en cours Logement en résidence Mer & Golf City Bordeaux Lac à partir de 795€ cc 895€ / mois Bordeaux (33300) Meublé - Parking - Salle de sport L’Appart-Hôtel Mer & Golf City est situé  en plein cœur du nouvel éco-quartier de « Bordeaux Ginko ». Il se trouve ainsi à proximité immédiate du Parc des Expositions, du Palais des Congrès, du Stade Matmut Atlantique et du Lac de Bordeaux.
Les jardins collectifs, les allées piétonnes et commerçantes, le lac et les canaux aménagés contribuent à une atmosphère à la fois urbaine et nature.

L’emplacement est idéal  :
> à quelques mètres de la ligne C du tramway (desservant le Parc des Expositions, le centre-ville historique et la gare LGV, mais aussi les communes de Blanquefort, Bègles et Villenave d’Ornon)


Tous les commerces et restaurants sont à proximité immédiate avec notamment la zone commerciale du Lac regroupant l’ensemble des plus grandes enseignes pour du shopping irrésistible !
Face à l'établissement, la Halle Gourmande propose un large choix de restaurants.

L’Appart-Hôtel Mer & Golf City se compose de 97 logements répartis en cascade du 2ème au 8ème étage avec ascenseur.

L'espace petit-déjeuner dispose d'une terrasse donnant sur un patio arboré. Une salle de fitness se situe à proximité de la réception et une laverie au rez-de-chaussée.

Tous les appartements sont spacieux, lumineux et climatisés. Ils sont orientés sud-est ou nord-ouest.

Etablissement non-fumeur. Parking gratuit dans la zone commerciale en face de l’établissement ou garage couvert payant (places limitées).

* Les draps, couettes et oreillers sont à fournir par l’étudiant. Disponible immédiatement"
"932";"Bordeaux";"";"30.0";"Logement en résidence";"Logement en résidence";"360° Logement en résidence Sweetly Saint Augustin à partir de 932€ cc / mois Bordeaux (33000) Meublé - Parking - Salle de sport - Cafétéria La résidence Saint-Augustin est une résidence de services nouvelle génération, alliant confort, innovation et flexibilité. Conscients des difficultés que peuvent rencontrer les jeunes, nous avons développé des formules locatives adaptées. En tant que professionnel de la gestion et de l'hébergement, nous sommes en mesure de satisfaire les différents profils de locataires grâce à notre souplesse d'accueil et à la flexibilité de l'occupation, sur des séjours de courtes et moyennes durées permettant la mobilité, comme par exemple : contrat à durée déterminé, contrat de professionnalisation, étudiant, intervenant des facultés, externat ou internat (médecine, professions médicales et para-médicales).
Forfait électricité inclus. Taxe de séjour non incluse dans le montant mensuel.
Vidéo d'un appartement T1 témoin de 30m2 : https://my.matterport.com/show/?m=1kBYHSPvLyY
Vidéo d'un appartement T2 témoin de 50 m2 : https://my.matterport.com/show/?m=18bGGAt5WBC Disponible immédiatement"
"629";"Toulouse";"";"";"Logement en résidence";"Logement en résidence";"Logement en résidence Studently La Colline des Sciences à partir de 629€ cc / mois Toulouse (31400) Meublé - Parking - Salle de sport La Colline des Sciences est une résidence étudiante rénovée alliant confort et services. Afin de favoriser la convivialité et de permettre aux étudiants de travailler, développer des projets et étudier, un espace de coworking est à leur disposition, mais également, une salle fitness, un espace détente et des espaces communs extérieurs complètent la résidence.
Située à proximité des transports (Métro ligne B et bus), des pôles d'innovations et universitaires de Toulouse Rangueil, elle offre ainsi une proximité immédiate aux commerces, universités, grandes écoles, ainsi qu’aux transports en commun.
Les appartements disposent d’un aménagement moderne et fonctionnel : séjour avec coin chambre, cuisine équipée, salle de bains privative.
Vivre à la Colline des Sciences s'est se sentir entouré et serein dans des conditions de vie et de travail optimales ! Disponible immédiatement"
"619";"Marseille";"";"25.0";"Logement en résidence";"Logement en résidence";"360° Promotion en cours Logement en résidence Kley Marseille Saint Charles à partir de 619€ cc / mois Marseille (13003) Meublé - Parking - Salle de sport En bordure d’Euroméditerranée, la nouvelle
résidence étudiante Kley Marseille est idéalement située au cœur de la
cité phocéenne. Les étudiants de l’université Aix-Marseille pourront rejoindre
leur école, le vieux port, la gare Saint-Charles à pied et rejoindre le centre
de Marseille avec les bus ou le métro à proximité. La résidence étudiante Kley à
Marseille présente un design « Bohème Chic » unique et des lieux de
vie innovants offrant aux étudiants une expérience propice au travail, aux
rencontres et aux échanges.

Du rez-de-chaussée au 9ème étage, la résidence étudiante Kley Marseille propose des studios de 16 à 25m2,
des T2 et même des colocations de 250m2 avec terrasse pour 8 étudiants.

Profitez d’une vue panoramique depuis le Rooftop et contemplez le coucher de soleil sur la mer depuis votre studio.
Un accès 24/24 à tous les espaces de vie partagés de plus de 700m2 : espace Lounge avec sa bibliothèque collaborative, cuisine partagée tout équipée, grand Co-working, espace accueil avec le Tuc Tuc Marseillais, Patio avec son camion revisité pour travailler en groupe, parvis aménagé pour ne pas s’ennuyer et un Rooftop;
Profitez d’une salle de CrossFit et d’une salle de Cinéma pour vous détendre entre deux révisions. L’équipe Kley Marseille vous accompagnera toute l’année avec de nombreux services pour faciliter votre quotidien et des événements uniques : cours de cuisine, cours de sport, job dating, café polyglotte… Disponible immédiatement"
"620";"";"2.0";"";"Logement en résidence";"Logement en résidence";"360° Logement en résidence UXCO Hugo Park à partir de 620€ cc / mois Villeurbanne (69100) 2 chambres - Meublé - Parking - Salle de sport Lumineux et aménagés avec soin par notre designer, les appartements (studio, T2 Duplex ou T3 conçus pour la coloc’) sont entièrement meublés et équipés pour vous offrir confort et bien-être. Chaque logement est composé d’un coin cuisine, d’un coin nuit (ou d’une ou deux chambres privatives pour les T2 et T3), d’un espace bureau et d’une salle de bain privative (deux pour les T3).

La résidence offre également de grands espaces communs, conçus pour créer de véritables moments d'échanges et de partage entre résidents. Designs et colorés, ils comprennent : une cuisine commune 100% équipée, des espaces chill & cowork, une zone fitness et une laverie automatique. 

En plus de ton appart' tout équipé, nous voulons te bichonner avec une gamme complète de services et d'avantages : connexion internet, laverie automatique avec sèche-linge, parking privé, prêt d’appareils électroménagers, livraison de Suit’Dej, prestations de ménage…

Enfin, la manager de la résidence est présente pour te donner tous les conseils dont tu auras besoin. Elle organise également tout au long de l'année des événements pour rythmer la vie de la résidence et permettre aux étudiants de se rencontrer et de partager des moments inoubliables. Disponible immédiatement"
"405";"Rennes";"";"";"Logement en résidence";"Logement en résidence";"360° Logement en résidence UXCO Métropolis à partir de 405€ cc / mois Rennes (35000) Meublé - Parking Métropolis propose 96 apparts de type T1 et T2. 

Meublés et aménagés avec style, ils disposent tous d’un coin bureau, d’une kitchenette équipée, d’une salle de bain privative et d’un lit avec kit linge à disposition. 

Entièrement imaginée pour offrir aux étudiants des conditions de vie et de travail optimales, elle dispose d’une gamme complète de services et avantages tels que la connexion WIFI illimitée dans chaque logement, la location d’appareils ménagers et TV écrans plats, l’accès gratuit à la fitness zone ainsi qu’aux espaces de détente et de co-working, laverie automatique, parking privé…

Il ne te reste plus qu’à poser tes valises, bienvenue chez toi ! Disponible immédiatement"
"750";"Nantes";"2.0";"";"Logement en résidence";"Logement en résidence";"Logement en résidence Appart'City Nantes Centre à partir de 750€ cc / mois Nantes (44000) Meublé - Salle de bain privée L'Appart’Hôtel Appart’City Confort Nantes Centre propose un hébergement 3 étoiles confortable et indépendant avec connexion Wi-Fi gratuite. La réception est ouverte 24/24h. 

Les appartements sont entièrement meublés et équipés d’une cuisine avec des plaques de cuisson vitrocéramiques, un réfrigérateur, un micro-ondes, un kit vaisselle et des ustensiles de cuisine. Du studio twin à l’appartement familial 2 pièces pour 4 personnes, ils sont tous dotés de rideaux occultant et d’un espace bureau, idéal pour les professionnels ou les étudiants. Disponible immédiatement"
"580";"Montpellier";"3.0";"";"Colocation";"Colocation";"Pro Réservable à la chambre Colocation VILLA T9 DE 180M² PLAN DES 4 SEIGNEURS à partir de 580€ cc / mois Montpellier (34090) 180m² - 3 chambres - Meublé - Parking ❤️ VILLA T9 DE 180M² PLAN DES 4 SEIGNEURS 

🌳Côté environnement :
Tous commerces de proximité accessibles à pied
A proximité du Tram Ligne 1 (Arrêt Hôpital Lapeyronie) )

🏠 Côté villa : 
Dans un quartier résidentiel calme, découvrez ce bien d’exception refait entièrement à neuf avec des matériaux de qualité et à la décoration contemporaine. Première occupation après travaux. Ce bien offre une multitude de services et est composé comme suit :  d’une grande pièce de vie, avec une cuisine meublée et équipée, d’un cellier et d’un garage avec lave-linge/sèche-linge et rangements ainsi que de wc indépendants. Le bien possède aussi un grand jardin, plusieurs terrasses  et une superbe piscine.  

⛺️Côtés chambres :
8 chambres meublées et équipées ainsi que 4 salles d’eau (dont une privative) qui feront le bonheur des colocataires.

💰Côté loyer :
Entre 590€ et 670€ toutes charges comprises (eau, électricité, chauffage,  internet, entretien piscine et jardin)

⚠️Garanties souhaitées : 1,5 mois hors charge de caution, garant solidaire ou VISALE

Bail individuel ouvrant droit aux APL. Disponible immédiatement"
"440";"Toulouse";"4.0";"77.0";"Colocation";"Colocation";"Pro 360° Réservable à la chambre Colocation Appartement cosy en colocation - Croix de Pierre à partir de 440€ cc / mois Toulouse (31100) 77m² - 1 chambre - Meublé ❤️4 CHAMBRES ENTIEREMENT MEUBLEES ET EQUIPEES
Adresse: 275 Route de seysses 31100 Toulouse .

👋 PROCHE UNIVERSITÉ JEAN JAURÈS

🌳Côté environnement: Au 2eme étage d’une résidence fermée sécurisée.
Bus L4 en bas de la résidence -> direct vers le centre-ville en 15 min. TER à 3 min -> train direct vers Matabiau ou Colomiers
Métro A à 15 min à pieds. Rocade à 5 min (périphérique toulousain)
Pour les étudiants : Université Jean Jaurès à 20 min à pied

🏠 Côté appartement: 77m2 entièrement rénové. Composé d’une pièce à vivre, ouverte sur cuisine, 4 belles chambres, une salle d’eau, un wc.

⛺️Côtés chambres : 4 chambres entièrement équipées et meublées. Lit double en 140, matelas neuf, parure de lit, table de chevet, bureau assise, placard aménagé.

💰Côté loyer : à partie de 420€ toutes charges comprises (eau, électricité, chauffage et internet)

⚠️Garanties souhaitées
1 mois de caution, garant solidaire ou VISALE
Bail individuel ouvrant droit aux APL Disponible immédiatement"
"580";"Lille";"9.0";"";"Colocation";"Colocation";"Pro 360° Réservable à la chambre Colocation Colocation à Lille (Solférino) à partir de 580€ cc / mois Lille (59800) 250m² - 9 chambres - Meublé - Salle de bain privée Nous vous proposons un grand Coliving de 12 chambres et autant de salles de bain, quatier Solférino.

Nombreux commerces et transports à proximité, vous êtes à 5mn à pied de L'IESEG, la CATHO, L'ESME et du centre de Lille.

12 chambres disponibles avec salles de bain individuelles, n'hésitez pas à nous contacter !

Vous aurez également accès à une salle de Cinéma ainsi qu'une salle de Sport. Disponible immédiatement"
"550";"Marseille";"";"";"Colocation";"Colocation";"Pro Réservable à la chambre Colocation Chambre dans appartement tout équipé à partir de 550€ cc / mois Marseille (13009) 67m² - 1 chambre - Meublé Appartement tout équipé et climatisé, idéal étudiant ou jeune actif de 67m²

Le 9e arrondissement donne accès aux sentiers pédestres du mont Puget et des plateaux rocheux du quartier de Carpiagne.

Des falaises calcaires bordent les petites plages du parc national des Calanques.

Dressée sur les hauteurs, la chapelle Saint-Joseph du Cabot domine le parc boisé de la colline Saint-Joseph. 
Le quartier du Redon, en plein essor, comprend des entreprises biotechnologiques ainsi que le campus et les facultés de l'université de Luminy.

A prévoir 200€ de frais d'état des lieux Disponible immédiatement"
"485";"Montpellier";"4.0";"98.0";"Colocation";"Colocation";"Pro 360° Réservable à la chambre Colocation Appartement T5 en colocation Montpellier à partir de 485€ cc / mois Montpellier (34080) 82m² - 1 chambre - Meublé - Salle de bain privée ❤️ APPARTEMENT T5 DE 82M² QUARTIER CELLENEUVE
(Réf : G - Lodève)

🌳Côté environnement :
Tous commerces de proximité accessibles à pied
Proche de Montpellier Business School et accessibilité de l'Université Paul Valéry
A proximité immédiate du TRAM ligne 3 (Arrêt Celleneuve) et à un arrêt de la Ligne 1
A 5 arrêts du Centre ville

🏠 Côté appartement :
Découvrez ce bel appartement de 82,98 m2, entièrement rénové avec terrasse, dans une petite résidence sécurisé, dont le ravalement vient d'être réalisé. La résidence bénéficie d'un parc arboré privatif.

L'appartement se compose d'une belle pièce de vie, ouverte sur la terrasse, d'une cuisine équipée et d'un cellier buanderie, d'un WC indépendant. Il dispose également d'une cave privative et d'une possibilité de stationnement privé (+50€ ).

⛺️Côtés chambres : 4 chambres avec 4 salles d’eau privatives

💰Côté loyer : Entre 485€ et 501€ toutes charges comprises (eau, électricité, chauffage et internet)

⚠️Garanties souhaitées : 1,5 mois de loyer (hors charges), garant solidaire ou VISALE

Bail individuel ouvrant droit aux APL. Disponible immédiatement"
"500";"Toulouse";"2.0";"80.0";"Colocation";"Colocation";"Pro 360° Réservable à la chambre Colocation Colocation de standing - Quartier Roseraie métro A à partir de 500€ cc / mois Toulouse (31500) 81m² - 2 chambres - Meublé ❤️ 4 CHAMBRES EQUIPEES ET MEUBLEES

🌳Adresse : rue de Caumont 31500 Toulouse.
Proche commerce de proximité : Carrefour express, restaurants, salle de sport, bureau de tabac …
Transport en commun : 14 min centre-ville Bus Ligne 9
Métro A – Metro Roseraie Ligne A
Gare Matabiau 5min en voiture

🏠 Côté appartement: Situé à Toulouse, découvrez ce bel appartement de 80m2 entièrement rénové en 2024. Il est composé d’une pièce à vivre, d’une cuisine équipée et aménagée, de 4 chambres équipées et meublées dont 2 salles d’eau, un grand balcon et 1 wc indépendant. Chaque chambre est équipée de sa  propre TV.

⛺️Côtés chambres : 4 chambres équipées et meublées. Lit double en 140, matelas, parure de lit, table de chevet, bureau assise, placard aménagé, TV

💰Côté loyer : à partir de 500€ toutes charges comprises (eau, électricité, chauffage et internet)

⚠️Garanties souhaitées: 1 mois de caution, garant solidaire ou VISALE

Bail individuel ouvrant droit aux APL.

Honoraires location Agence : 179 € Disponible immédiatement"
"745";"";"6.0";"130.0";"Colocation";"Colocation";"Pro Réservable à la chambre Colocation Colocation Colombes - 130m2 - 6 chambres à partir de 745€ cc / mois Colombes (92700) 130m² - 2 chambres - Meublé Colocation Colombes - 130m2 - 6 chambres
- Grand appartement de 130m2 loi carrez avec 6 chambres
- Visite virtuelle bientôt disponible, dépôt de dossier digital et rapide
- Un loyer charges comprises : eau, internet électricité, chauffage - Eligible aux APL !
L’APPARTEMENT :
- Appartement composé d'une cuisine équipée, d'un séjour/salle à manger, de 6 chambres, un balcon, 2 salles de bains et 1 WC séparé.
- Un grand salon équipé d'une grande TV !
- Entièrement meublée et équipée (liste complète des équipements sur demande)
LOCALISATION ET TRANSPORT :
- Proche commerces et transports
- Proche train ligne J, bus lignes 176, 276
- Avenue Audra 92700 Colombes
Bail classique de colocation
Loyer 670 par personne + 100 charges obligatoires (eau, électricité, internet, chauffage)
Dépôt de garantie : 1 mois de loyer CC
ELIGIBLE APL Disponible immédiatement"
"562";"Marseille";"2.0";"";"Colocation";"Colocation";"Réservable à la chambre Colocation COLOCATION MIXTE TOUT COMPRIS Marseille 13009 à partir de 562€ cc / mois Marseille (13009) 60m² - 2 chambres - Meublé 🏠 COLOCATION MIXTE de 3 chambres, située dans le 9e arrondissement de Marseille, dans un appartement meublé et tout équipé de 60 m², au rez-de-chaussée surélevé d'une résidence calme avec parking gratuit.
📍 Localisation idéale :
•	Commerces à deux pas : Carrefour Market, Auchan, boulangerie, pharmacie
•	Bus au pied de la résidence
•	Métro Sainte-Marguerite à 8 min à pied
•	À 10 min des plages du Prado, 15 min du Vieux-Port
•	Accès facile au campus de Luminy via le bus 24
•	Proche stade Vélodrome
________________________________________
🛏️ Les chambres (3)
Chaque chambre est entièrement meublée :
Lit double (140x200), bureau, chaise, armoire, serrure individuelle à clef.
________________________________________
🍽️ L'appartement :
•	Séjour lumineux ouvert sur une cuisine équipée : TV + internet fibre, lave-linge, four, hotte, plaque, frigo, micro-ondes, machine à café, bouilloire, ustensiles, etc.
•	Cagibi attenant à la cuisine
•	Loggia avec coin repassage et étendoir
•	WC séparé de la salle de douche
•	Double vitrage sur toutes les fenêtres
________________________________________
💸 Loyer et Charges :
TOUT COMPRIS, incluant :
✅ Eau froide
✅ Électricité
✅ Gaz
✅ Internet fibre
✅ Entretien de la chaudière
✅ Taxe ordures ménagères
________________________________________
📑 Conditions :
•	Bail individuel
•	Caution : 1 mois de loyer charges comprises
•	Garantie VISALE ou STUDAPART OBLIGATOIRE  – Pas de garant familial
•	Non-fumeur, pas d’animaux
•	Eligibles APL / CAF
________________________________________
📩 Intéressé(e) ?
Merci de me contacter via la messagerie Studapart en vous présentant brièvement. Disponible immédiatement"
"515";"Lille";"3.0";"14.0";"Colocation";"Colocation";"360° Réservable à la chambre Colocation Appartement coloc 3p terrasse, métro porte d'Arras à partir de 515€ cc / mois Lille (59000) 79m² - 3 chambres - Meublé - Parking Superbe appartement de 2022, proche Porte d'Arras, Lillenium et CHR.

L'appartement dispose d'une grande cuisine toute équipée avec sa belle pièce à vivre très lumineuse donnant sur un salon aménagé avec goût.
Ce bien dispose de 3 chambres meublées disposant chacune d'un bureau, et de grands espaces de rangement.

WC séparés, grande salle de bains avec baignoire et sèche serviettes.
Electroménager tout confort et tout neuf: lave-vaisselle, four à chaleur tournante, micro-onde 30L, Lave-Linge 10kgs et Sèche-Linge 9kgs.
En prime: grande terrasse de 14m2 orientée plein sud avec vue dégagée.

En option: une place de parking souterrain, pour 25€/mois (soit le prix d'un stationnement payant à l'extérieur), à la demande. Premier arrivé premier servi.

Provision sur charges (incluant internet, eau froide, eau chaude, taxe d'ordures ménagères, électricité, gaz, charges de copropriété part colocataire) : forfait 115 euros par mois. Disponible à partir du 1 mai 2026"
"638";"Lyon";"3.0";"";"Logement entier";"Logement entier";"Pro Logement entier Coloc' de standing 🏔️ LA COLOC JOSEPHINE 638€ cc / mois Lyon (69008) 57m² - 3 chambres - Meublé 🏠 LA COLOC JOSEPHINE 

⚠️ 50% DE REDUCTION SUR LES FRAIS DE DOSSIERS POUR NOS NOUVEAUX LOCATAIRE ⚠️

Une jolie chambre vous attend dans un appartement récemment rénové de 57m² situé au 3 Bis Impasse Ferret, 69008 Lyon. [100m du tram T6 - arrêt Petite Guille]
Emménagement possible dès le 5/10, réservation possible dès maintenant.


🛏 LA CHAMBRE

Chambre individuelle d'environ 12m², entièrement meublée/équipée et chaleureusement décorée.


🛋 ESPACES COMMUNS

⦁ Une cuisine américaine équipée avec îlot central 
⦁ Salon lumineux et équipé
⦁ Buanderie avec lave-linge 
⦁ 1 salle de bain avec sèche serviette
⦁ 1 toilette séparé


💰 PRIX

⦁ Loyer charges comprises : 638€ tout compris (eau, chauffage, électricité, internet, ménage hebdomadaire, assurance habitation, gestion et maintenance)
⦁ Garant physique ou moral requis
⦁ Éligible APL


🖥 RÉSERVATION

Pour réserver votre chambre, vous pouvez me contacter par message ou par téléphone. Visite virtuelle disponible sur demande. 
Pour votre confort : candidature 100% en ligne. Disponible à partir du 10 avr. 2026"
"662";"Lyon";"6.0";"12.0";"Colocation";"Colocation";"Pro Réservable à la chambre Colocation Coloc' de standing - 🏠 LA COLOC BACHUT à partir de 662€ cc / mois Lyon (69008) 196m² - 1 chambre - Meublé 🌟 LA COLOC BACHUT est une résidence conviviale rénovée et équipée composée 6 chambres avec 3 salles de douche et sanitaires partagés, ainsi qu’une cuisine équipée, un jardin, une buanderie ! 

Où ? : Tram T2 à 2 minutes à pieds du Tram T2, des bus C15, C25, à 8 minutes à pieds du T6 et T4 et 15 minutes du Métro D, 

✨ LA CHAMBRE  est un espace privatif d’environ 12 m2 entièrement meublé avec salle de douche et sanitaire partagés. Votre chambre dispose de : 🛏️ un lit double 🪑 un espace bureau/chaise 🖥️ une télévision 👔 un dressing 🧺 un kit de linges et serviettes 🔑 une serrure 

💰 PRIX Loyer à partir de 662€ charges comprises. Tout est inclus dans votre loyer : 

💧 Fluide : eau chaude/froide, électricité, chauffage 
📱 Internet haut débit 
🏠 Assurance habitation 
🧼 Ménage hebdomadaire dans les parties communes 
🎉 Organisations d’événements 
🎈 Une coloc à thème avec une décoration et un agencement spécifique 
📑 Gestion de votre dossier en toute simplicité 
🛠️ Maintenance 
🍇 Un panier de fruits mensuels

💡 INFORMATIONS COMPLÉMENTAIRES 

Baux individuels (pas de bail solidaire).
Éligible aux APL 
Aides actions logements : Mobili-Jeunes, Mon Job, Mon Logement etc. __________________________________________________________
Zone soumise à l’encadrement des loyers : 

- Loyer de base : loyer de référence : 271€
- Loyer de référence majoré : 271€
- Complément de loyer : 245€
- Forfait de charges : 200€ 
- Dépôt de garantie : 940€ 
- Honoraires charges locataires : 261,31€ Disponible à partir du 10 avr. 2026"
"840";"Bordeaux";"";"25.0";"Studio";"Studio";"Studio Logement entier pour 2 personnes de 25m² 840€ cc / mois Bordeaux (33000) 25m² - Meublé Superbe appartement  type 1 de 25 M2 cours Victor Hugo ( quartier Saint Michel).
Appartement meublé entièrement équipé , rénové dans immeuble rénové. belles parties communes avec grand local vélo.
Tout est neuf grande cuisine, lave linge, beau dressing, baignoire, double vitrage , lumineux, à 200M du Tramway, proximité de tous les commerces, TV LCD 80CM, WIFI inclus
fer a repasser et table, grille pain , bouilloire, nespresso ....
le canapé lit 1 personne se transforme en 1 vrai lit 2 personnes de 160cm 
possibilité d un autre lit 1 place sur demande
WIFI
Bail civil uniquement Disponible immédiatement"
"640";"Marseille";"";"";"Studio";"Studio";"360° Studio T1 carré d’or résid Stand .Ent.refait metroperier 640€ cc / mois Marseille (13008) 14m² - Meublé - Salle de bain privée T1 dans le « carrré D’or «  très chic du 8eme .
Exceptionnel réussi à allier une petite rue  très calme, sans circulation avec petite  résidence bourgeoise et familiale  sécurisé avec 2  Digicode successif . Situé a seulement 200 mètres du métro PERIER et du bus B1 pour Luminy/ KEDGE direct avec voie de bus .
En réz de chaussée calme donnant sur petit jardin en retrait d’une rue avec quasi absence  circulation .
L’appartement  a été  refait de A a Z avec matériaux haut de gamme et équipe entièrement à neuf 2023.
Carrelage italien gris perle 60 par 30 colonne de douche et robinet GROHE, sanitaire JACOB DELAFON tableau électrique SCHNEIDER,micro ondes inox et plaque induction , frigo intégrable , lave linge intégrable, bouilloire,machine NESPRESSO ,  TV écran plat au mur Samsung avec convection multimédia HDMI  déjà câblé , fibre optique câble , double  vitrage , placard rangement , radiateur électrique SAUTER avec prise USB ,cuisine neuve , canapé  BZ haut de gamme matelas DUNLOPILLO.
Jolie décoration contemporaine prévu .
Avec plan bar et tabouret haut.
Vaisselle de qualité complète et matériel de cuisine . Disponible immédiatement"
"530";"Nantes";"3.0";"";"Colocation";"Colocation";"360° Réservable à la chambre Colocation chambre meublé en coloc dans maison avec jardin à partir de 530€ cc / mois Nantes (44300) 148m² - 3 chambres - Meublé - Parking Dans une magnifique maison colocation de 6 chambres.

Entièrement équipée cette maison vous offre un confort de vie agréable avec un jardin.

La cuisine ouverte sur le salon est entièrement équipée :
Plaque de cuisson, four, frigo, lave vaisselle, micro onde, bouilloire, grille pain, machine à café. 

1 chambre entièrement meublé d'un :
Lit 2 places 140x200
Bureau et chaise 
Grand placard intégrée. 
Couette et Oreiller 
drap house et house de couette

Un garage pour ranger vos vélos, moto et autre ainsi qu'une buanderie avec lave linge. 

La maison est située :
En voiture : 15 min centre ville Nantes 
10 min des écoles du design, vétérinaire, icam, des mines 
Le bus 75 et C6 passe à 5 min de la maison et dessert les grandes écoles où le centre ville.
La ligne de tram 1 se situe à 10min à pied. Disponible à partir du 20 avr. 2026"
"480";"Toulouse";"4.0";"";"Colocation";"Colocation";"Réservable à la chambre Colocation Logement en colocation pour 4 personnes de 81m² à partir de 480€ cc / mois Toulouse (31000) 81m² - 4 chambres - Meublé T5 traversant meublé pour  4 étudiantes. Très lumineux,, vue dégagée. Métro ligne B Station Compans, Vélo Toulouse. Bien équipé. Machine à laver.
A 3 minutes de la place du capitole. Disponible immédiatement"
"600";"Paris";"";"";"Colocation";"Colocation";"Réservable à la chambre Colocation Loue chambre privative en colocation à partir de 600€ cc / mois Noisy-le-grand (93160) 84m² - 1 chambre - Meublé COLOCATION MEUBLEE - CITE DESCARTES à 10 minutes à pied – RER A NOISY LE CHAMPS - NOISY LE GRAND

Colocation dans un appartement. 

BAIL INDEPENDANT =} aucune solidarité entre les colocataires !!
**************************LOCALISATION**************************************
RER A Noisy-Champs à 6 minutes à pied.
A 10 min à pied des écoles CAMPUS CITE DESCARTES : Université Paris Est Marne la Vallée (UPEM), ESIEE, ENSG, lycée DESCARTES, Ecole architecture (ENSA), Ecole des Ponts et Chaussées (ENPC), Ecole supérieure d’Osthéopatie (ESO Supeosteo). 
A 5 min à pied des commerces: boulangerie, supérette G20, boucherie, pharmacie.
A 15 min de Paris (M° Nation), à 19 min de la Gare de Lyon, à 23 min de Châtelet, à 26 min d’Auber.
A 15 min de Val d’Europe et 18 min de DISNEYLAND et la Gare de Chessy MLV TGV.
A 5 min de l’autoroute A4, A199 et à 10 min de l’autoroute A86 et de la N104.
A 15 min du centre commercial des Arcades Noisy le Grand.
A 15 min du Lycée international de Noisy le Grand.
A 30 min des aéroports Orly et Roissy Charles de Gaulle.

Espace de vie et cuisine entièrement équipés (TV, wifi, réfrigérateur avec congélateur, four, micro-ondes, plaques de cuisson, hotte, machine à laver, vaisselle, ustensiles de cuisine, tables et chaises, aspirateur). Internet fibre optique box.
2 salles de bains, 2 WC.
Les chambres sont composées de :
- Lit double 140x200 cm ;
- Bureau avec chaise ;
- Rangements (armoire, placard et/ou étagères) ;
- Serrure individuelle.
Résidence calme et sécurisée. Situé au 6ème étage avec ascenseur, sans vis-à-vis.
Interphone, gardien.
********************CONDITIONS DE LA LOCATION ****************************
EDF, chauffage, eau chaude et froide, internet).
CAF (APL) possible.
Frais administratifs : 108€ à payer 72 heures après la réservation. Disponible immédiatement"
"600";"Paris";"";"";"Colocation";"Colocation";"Réservable à la chambre Colocation Colocation allée de la FUTAIE à partir de 600€ cc / mois Noisy-le-grand (93160) 82m² - 1 chambre - Meublé COLOCATION MEUBLEE - RER A NOISY CHAMPS

Appartement de 82 m² à Noisy le Grand - A 15 minutes de Paris (Métro Nation), à 19 min du Métro Gare de Lyon, à 23 min du métro Châtelet, à 26 min du métro Auber. 

A 10 min à pied des écoles CAMPUS DESCARTES : Université Paris Est Marne la Vallée (UPEM), ESIEE, ENSG, lycée DESCARTES, Ecole architecture (ENSA), Ecole des Ponts et Chaussées (ENPC), Ecole supérieure d’Osthéopatie (ESO Supeosteo). Quartier du Bois de Grâce. Environnement calme (allée piétonne) et verdoyant.
A 5 min à pied des commerces: boulangerie, tabac/journaux, Franprix, pharmacie, cabinet médical, La Poste.
A 5 min à pied des arrêts des bus 213 & 312.
A 15 min de Val d’Europe et 18 min de DISNEYLAND et la Gare de Chessy MLV TGV. 
A 5 min de l’autoroute A4, A199 et à 10 min de l’autoroute A86 et de la N104.
A 15 min du centre commercial des Arcades Noisy le Grand.
A 15 min du Lycée international de Noisy le Grand.
A 30 min des aéroports Orly et Roissy Charles de Gaulle.

Espace de vie et cuisine entièrement équipés (TV, wifi, réfrigérateur, congélateur, four, micro-ondes, plaques de cuisson, hotte, machine à laver, vaisselle, ustensiles de cuisine, tables et chaises, aspirateur). Internet fibre optique box. 
2 salles de bains, 2 WC. 
Les chambres ont une surface d'environ 10 m² Carrez et sont composées de :
- Lit double ; 
- Bureau avec chaise ; 
- Rangements (armoire, placard et/ou étagères) ;
- Serrure individuelle.
Résidence calme et sécurisée. 

Interphone, gardien, garage à vélo.
**************CONDITIONS DE LA LOCATION

Le forfait de charges de copropriété, EDF, chauffage, eau chaude et froide, internet). 
CAF (APL) possible. Disponible immédiatement"
"600";"Rennes";"2.0";"";"Colocation";"Colocation";"Réservable à la chambre Colocation Confortable T3 proche canal Saint Martin et RSB à partir de 600€ cc / mois Rennes (35000) 63m² - 1 chambre - Meublé Chouette T3 situé entre les prairies Saint Martin et la Rennes school of Business.
Il est composé de 2 chambres confortables et entièrement équipées, une grand cuisine et une grande salle de bain.
Un petit jardin orienté à l'Ouest permet de profiter des extérieurs.
Je loue chaque chambre pour une personne à 600€ par mois, comprenant, eau, gaz, chauffage, Wifi, électricité.
Si vous etes en couple, il y a un supplément de 150€ par mois pour être à 2 dans la même chambre. 
Le quartier est très calme et très agréable. Disponible immédiatement"
